PRAGMA foreign_keys=OFF;
BEGIN TRANSACTION;
CREATE TABLE IF NOT EXISTS "django_migrations" ("id" integer NOT NULL PRIMARY KEY AUTOINCREMENT, "app" varchar(255) NOT NULL, "name" varchar(255) NOT NULL, "applied" datetime NOT NULL);
INSERT INTO django_migrations VALUES(1,'contenttypes','0001_initial','2026-03-11 09:52:06.432792');
INSERT INTO django_migrations VALUES(2,'contenttypes','0002_remove_content_type_name','2026-03-11 09:52:06.436792');
INSERT INTO django_migrations VALUES(3,'auth','0001_initial','2026-03-11 09:52:06.442166');
INSERT INTO django_migrations VALUES(4,'auth','0002_alter_permission_name_max_length','2026-03-11 09:52:06.445317');
INSERT INTO django_migrations VALUES(5,'auth','0003_alter_user_email_max_length','2026-03-11 09:52:06.447223');
INSERT INTO django_migrations VALUES(6,'auth','0004_alter_user_username_opts','2026-03-11 09:52:06.449215');
INSERT INTO django_migrations VALUES(7,'auth','0005_alter_user_last_login_null','2026-03-11 09:52:06.451441');
INSERT INTO django_migrations VALUES(8,'auth','0006_require_contenttypes_0002','2026-03-11 09:52:06.452050');
INSERT INTO django_migrations VALUES(9,'auth','0007_alter_validators_add_error_messages','2026-03-11 09:52:06.454317');
INSERT INTO django_migrations VALUES(10,'auth','0008_alter_user_username_max_length','2026-03-11 09:52:06.456518');
INSERT INTO django_migrations VALUES(11,'auth','0009_alter_user_last_name_max_length','2026-03-11 09:52:06.458876');
INSERT INTO django_migrations VALUES(12,'auth','0010_alter_group_name_max_length','2026-03-11 09:52:06.461309');
INSERT INTO django_migrations VALUES(13,'auth','0011_update_proxy_permissions','2026-03-11 09:52:06.463122');
INSERT INTO django_migrations VALUES(14,'auth','0012_alter_user_first_name_max_length','2026-03-11 09:52:06.465386');
INSERT INTO django_migrations VALUES(15,'users','0001_initial','2026-03-11 09:52:06.469712');
INSERT INTO django_migrations VALUES(16,'admin','0001_initial','2026-03-11 09:52:06.475326');
INSERT INTO django_migrations VALUES(17,'admin','0002_logentry_remove_auto_add','2026-03-11 09:52:06.479438');
INSERT INTO django_migrations VALUES(18,'admin','0003_logentry_add_action_flag_choices','2026-03-11 09:52:06.482381');
INSERT INTO django_migrations VALUES(19,'api','0001_initial','2026-03-11 09:52:06.488546');
INSERT INTO django_migrations VALUES(20,'api','0002_remove_task_uniq_task_number_per_brand_and_more','2026-03-11 09:52:06.498828');
INSERT INTO django_migrations VALUES(21,'api','0003_task_revision_no_task_api_task_revisio_f203c8_idx','2026-03-11 09:52:06.506269');
INSERT INTO django_migrations VALUES(22,'authtoken','0001_initial','2026-03-11 09:52:06.510457');
INSERT INTO django_migrations VALUES(23,'authtoken','0002_auto_20160226_1747','2026-03-11 09:52:06.522962');
INSERT INTO django_migrations VALUES(24,'authtoken','0003_tokenproxy','2026-03-11 09:52:06.524268');
INSERT INTO django_migrations VALUES(25,'authtoken','0004_alter_tokenproxy_options','2026-03-11 09:52:06.526709');
INSERT INTO django_migrations VALUES(26,'sessions','0001_initial','2026-03-11 09:52:06.529115');
INSERT INTO django_migrations VALUES(27,'users','0002_alter_customuser_options_remove_customuser_username_and_more','2026-03-11 09:59:27.489435');
INSERT INTO django_migrations VALUES(28,'api','0004_client','2026-03-11 10:12:54.304207');
INSERT INTO django_migrations VALUES(29,'api','0005_scopeofwork','2026-03-11 10:17:48.353009');
INSERT INTO django_migrations VALUES(30,'api','0006_scopeofworkitem','2026-03-11 10:20:37.343727');
INSERT INTO django_migrations VALUES(31,'api','0007_remove_scopeofworkitem_api_scopeof_frequen_b91dd3_idx_and_more','2026-03-11 10:25:42.344625');
INSERT INTO django_migrations VALUES(32,'api','0008_servicetaskdefinition_and_more','2026-03-11 10:30:01.514361');
INSERT INTO django_migrations VALUES(33,'api','0009_scopeofwork_and_more','2026-03-11 10:34:12.415836');
INSERT INTO django_migrations VALUES(34,'api','0010_rename_task_to_deliverable','2026-03-11 10:39:26.442248');
INSERT INTO django_migrations VALUES(35,'api','0011_rename_api_scopeof_deliverable_idx_api_scopeof_deliver_edffb4_idx','2026-03-11 10:39:35.633522');
INSERT INTO django_migrations VALUES(36,'api','0012_alter_scopeofwork_deliverable_type','2026-03-11 10:52:32.072742');
INSERT INTO django_migrations VALUES(37,'api','0013_client_client_interface_contact_number','2026-03-11 11:24:54.848649');
INSERT INTO django_migrations VALUES(38,'api','0014_remove_client_api_client_brand_n_25e2c0_idx_and_more','2026-03-11 11:27:50.208965');
INSERT INTO django_migrations VALUES(39,'api','0015_alter_scopeofwork_deliverable_type','2026-03-11 11:33:27.655385');
INSERT INTO django_migrations VALUES(40,'api','0016_alter_scopeofwork_service','2026-03-11 11:38:22.680862');
INSERT INTO django_migrations VALUES(41,'api','0017_scopeofwork_service_multiselect','2026-03-11 11:41:32.480411');
INSERT INTO django_migrations VALUES(42,'api','0018_remove_scopeofwork_api_scopeof_deliver_61a3d8_idx_and_more','2026-03-11 11:43:32.708468');
INSERT INTO django_migrations VALUES(43,'api','0019_alter_scopeofwork_options_and_more','2026-03-11 12:04:06.555298');
INSERT INTO django_migrations VALUES(44,'api','0020_remove_scopeofwork_monthly_limit_and_more','2026-03-11 12:13:20.916761');
INSERT INTO django_migrations VALUES(45,'api','0021_alter_scopeofwork_options_and_more','2026-03-11 12:16:42.054241');
INSERT INTO django_migrations VALUES(46,'api','0022_alter_scopeofwork_description','2026-03-11 12:23:49.413830');
INSERT INTO django_migrations VALUES(47,'api','0023_alter_scopeofwork_options_and_more','2026-03-11 12:26:31.578802');
INSERT INTO django_migrations VALUES(48,'api','0024_remove_task_api_task_brand_i_5cbf40_idx_task_client_and_more','2026-03-12 10:40:19.266575');
INSERT INTO django_migrations VALUES(49,'api','0025_clientowner','2026-03-13 11:31:26.514042');
INSERT INTO django_migrations VALUES(50,'api','0026_task_target_date_task_api_task_target__bfa97d_idx','2026-03-13 12:03:42.253481');
INSERT INTO django_migrations VALUES(51,'api','0027_alter_task_options_and_more','2026-03-13 12:09:43.847712');
INSERT INTO django_migrations VALUES(52,'api','0028_task_is_marked_completed_by_account_planner_and_more','2026-03-13 12:28:42.329121');
INSERT INTO django_migrations VALUES(53,'api','0029_task_redo_fields','2026-03-14 17:18:39.292952');
INSERT INTO django_migrations VALUES(54,'api','0030_typeofwork','2026-03-14 17:45:03.765078');
INSERT INTO django_migrations VALUES(55,'api','0031_task_type_of_work_task_api_task_type_of_952d3f_idx','2026-03-14 17:57:30.425594');
INSERT INTO django_migrations VALUES(56,'api','0032_alter_typeofwork_point','2026-03-14 18:00:35.079323');
INSERT INTO django_migrations VALUES(57,'api','0033_task_instructionsbyartdirector','2026-03-14 18:22:25.751654');
INSERT INTO django_migrations VALUES(58,'api','0034_task_created_by','2026-03-16 06:40:08.877306');
INSERT INTO django_migrations VALUES(59,'api','0035_client_logo','2026-03-16 10:19:56.615200');
INSERT INTO django_migrations VALUES(60,'api','0036_client_accent_color','2026-03-16 10:33:54.415955');
INSERT INTO django_migrations VALUES(61,'api','0037_task_excellence','2026-03-17 06:33:49.333343');
INSERT INTO django_migrations VALUES(62,'api','0038_servicecategory_typeofwork_service_category_and_more','2026-03-19 08:43:25.562814');
INSERT INTO django_migrations VALUES(63,'api','0039_rename_monthly_unit_scopeofwork_total_unit_and_more','2026-03-19 08:52:16.066938');
INSERT INTO django_migrations VALUES(64,'api','0040_scopeofwork_service_category_fk','2026-03-19 09:07:53.412092');
INSERT INTO django_migrations VALUES(65,'api','0041_rename_api_scopeof_service_8ccda8_idx_api_scopeof_service_7c5d8c_idx','2026-03-19 09:07:53.421725');
INSERT INTO django_migrations VALUES(66,'api','0042_task_is_marked_completed_by_superadmin','2026-03-19 10:18:28.097285');
INSERT INTO django_migrations VALUES(67,'api','0043_negativeremark','2026-03-19 10:34:55.244525');
INSERT INTO django_migrations VALUES(68,'api','0044_rename_api_negativ_task_id_7f7dc0_idx_api_negativ_task_id_c9d2c4_idx_and_more','2026-03-19 10:34:55.259170');
INSERT INTO django_migrations VALUES(69,'api','0045_negativeremarkontask_and_remove_task_from_negativeremark','2026-03-20 07:22:45.428796');
INSERT INTO django_migrations VALUES(70,'api','0046_remove_task_status','2026-03-20 07:22:45.447044');
INSERT INTO django_migrations VALUES(71,'api','0047_rename_api_negativ_task_id_2b1f5d_idx_api_negativ_task_id_4d7be0_idx_and_more','2026-03-20 07:22:45.458213');
INSERT INTO django_migrations VALUES(72,'api','0048_taskattachment','2026-03-20 07:28:34.783908');
INSERT INTO django_migrations VALUES(73,'api','0049_rename_api_taskatt_task_id_a98fe0_idx_api_taskatt_task_id_142d80_idx_and_more','2026-03-20 07:28:34.792500');
INSERT INTO django_migrations VALUES(74,'api','0050_clientattachment','2026-03-20 07:32:00.625415');
INSERT INTO django_migrations VALUES(75,'api','0051_rename_api_clienta_client__8def06_idx_api_clienta_client__045cb3_idx_and_more','2026-03-20 07:32:00.631467');
INSERT INTO django_migrations VALUES(76,'api','0052_scopeofwork_type_of_work','2026-03-20 08:01:05.189449');
INSERT INTO django_migrations VALUES(77,'users','0003_employee','2026-03-23 07:57:15.828923');
INSERT INTO django_migrations VALUES(78,'api','0053_task_scope_of_work_task_api_task_scope_o_013300_idx','2026-03-23 08:01:57.787653');
INSERT INTO django_migrations VALUES(79,'api','0054_remove_typeofwork_api_typeofw_service_ecc9f6_idx_and_more','2026-03-23 08:09:04.343851');
INSERT INTO django_migrations VALUES(80,'api','0055_scopeofwork_uniq_scope_of_work_client_service_category','2026-03-23 08:59:26.610013');
INSERT INTO django_migrations VALUES(81,'api','0056_remove_task_points','2026-03-23 09:20:58.578945');
INSERT INTO django_migrations VALUES(82,'api','0057_alter_task_type_of_work','2026-03-24 09:14:40.793393');
INSERT INTO django_migrations VALUES(83,'api','0058_task_revision_type','2026-03-24 09:14:40.807806');
INSERT INTO django_migrations VALUES(84,'api','0059_group_groupmember','2026-03-24 11:04:09.489727');
INSERT INTO django_migrations VALUES(85,'api','0060_typeofwork_major_changes_point_and_more','2026-03-24 13:09:32.422655');
INSERT INTO django_migrations VALUES(86,'api','0061_task_have_major_changes_task_have_minor_changes','2026-03-24 13:09:32.467814');
INSERT INTO django_migrations VALUES(87,'api','0062_task_slides','2026-03-24 13:13:55.748371');
INSERT INTO django_migrations VALUES(88,'api','0063_remove_typeofwork_slides','2026-03-24 16:38:46.000852');
INSERT INTO django_migrations VALUES(89,'api','0064_alter_typeofwork_major_changes_point_and_more','2026-03-24 16:38:46.059424');
INSERT INTO django_migrations VALUES(90,'api','0065_task_excellence_reason','2026-03-24 16:38:46.079557');
INSERT INTO django_migrations VALUES(91,'api','0066_clientmonthlyamount','2026-03-24 18:55:53.234947');
INSERT INTO django_migrations VALUES(92,'api','0067_taskstage_taskonstage','2026-03-26 12:50:44.081194');
INSERT INTO django_migrations VALUES(93,'api','0068_taskonstage_uniq_task_on_stage_task','2026-03-26 13:10:37.125181');
INSERT INTO django_migrations VALUES(94,'api','0069_task_stage_task_api_task_stage_7ab497_idx','2026-03-27 07:25:11.573455');
INSERT INTO django_migrations VALUES(95,'api','0070_task_monthly_post_impression','2026-03-27 08:41:55.648477');
INSERT INTO django_migrations VALUES(96,'api','0071_alter_task_stage_choices','2026-03-28 06:58:19.749437');
INSERT INTO django_migrations VALUES(97,'api','0072_remove_task_completion_flags','2026-03-28 08:55:26.441701');
INSERT INTO django_migrations VALUES(98,'api','0073_task_performance_metrics','2026-03-28 13:13:29.625237');
INSERT INTO django_migrations VALUES(99,'api','0074_rename_task_eng_rate_to_engagement_rate','2026-03-28 13:17:15.386004');
INSERT INTO django_migrations VALUES(100,'api','0075_remove_task_monthly_post_impression','2026-03-28 13:20:52.598742');
INSERT INTO django_migrations VALUES(101,'api','0076_alter_task_stage_display_names','2026-03-30 09:49:49.267107');
INSERT INTO django_migrations VALUES(102,'api','0077_task_platform','2026-03-30 10:01:21.707210');
INSERT INTO django_migrations VALUES(103,'api','0078_rename_api_task_platform_4eccde_idx_api_task_platfor_002db2_idx','2026-03-30 14:21:05.346921');
INSERT INTO django_migrations VALUES(104,'api','0079_additionalpoints','2026-04-01 14:00:26.955867');
INSERT INTO django_migrations VALUES(105,'api','0080_rename_api_additio_user_id_f87e38_idx_api_additio_user_id_4e9f4f_idx_and_more','2026-04-01 14:00:37.932729');
CREATE TABLE IF NOT EXISTS "django_content_type" ("id" integer NOT NULL PRIMARY KEY AUTOINCREMENT, "app_label" varchar(100) NOT NULL, "model" varchar(100) NOT NULL);
INSERT INTO django_content_type VALUES(1,'admin','logentry');
INSERT INTO django_content_type VALUES(2,'auth','group');
INSERT INTO django_content_type VALUES(3,'auth','permission');
INSERT INTO django_content_type VALUES(4,'contenttypes','contenttype');
INSERT INTO django_content_type VALUES(5,'sessions','session');
INSERT INTO django_content_type VALUES(6,'authtoken','token');
INSERT INTO django_content_type VALUES(7,'authtoken','tokenproxy');
INSERT INTO django_content_type VALUES(8,'api','brand');
INSERT INTO django_content_type VALUES(9,'api','client');
INSERT INTO django_content_type VALUES(10,'api','clientattachment');
INSERT INTO django_content_type VALUES(11,'api','clientowner');
INSERT INTO django_content_type VALUES(12,'api','negativeremark');
INSERT INTO django_content_type VALUES(13,'api','negativeremarkontask');
INSERT INTO django_content_type VALUES(14,'api','scopeofwork');
INSERT INTO django_content_type VALUES(15,'api','servicecategory');
INSERT INTO django_content_type VALUES(16,'api','task');
INSERT INTO django_content_type VALUES(17,'api','taskattachment');
INSERT INTO django_content_type VALUES(18,'api','typeofwork');
INSERT INTO django_content_type VALUES(19,'users','customuser');
INSERT INTO django_content_type VALUES(20,'users','employee');
INSERT INTO django_content_type VALUES(21,'api','group');
INSERT INTO django_content_type VALUES(22,'api','groupmember');
INSERT INTO django_content_type VALUES(23,'api','clientmonthlyamount');
INSERT INTO django_content_type VALUES(24,'api','taskonstage');
INSERT INTO django_content_type VALUES(25,'api','taskstage');
INSERT INTO django_content_type VALUES(26,'api','additionalpoints');
CREATE TABLE IF NOT EXISTS "auth_group_permissions" ("id" integer NOT NULL PRIMARY KEY AUTOINCREMENT, "group_id" integer NOT NULL REFERENCES "auth_group" ("id") DEFERRABLE INITIALLY DEFERRED, "permission_id" integer NOT NULL REFERENCES "auth_permission" ("id") DEFERRABLE INITIALLY DEFERRED);
CREATE TABLE IF NOT EXISTS "auth_permission" ("id" integer NOT NULL PRIMARY KEY AUTOINCREMENT, "content_type_id" integer NOT NULL REFERENCES "django_content_type" ("id") DEFERRABLE INITIALLY DEFERRED, "codename" varchar(100) NOT NULL, "name" varchar(255) NOT NULL);
INSERT INTO auth_permission VALUES(1,1,'add_logentry','Can add log entry');
INSERT INTO auth_permission VALUES(2,1,'change_logentry','Can change log entry');
INSERT INTO auth_permission VALUES(3,1,'delete_logentry','Can delete log entry');
INSERT INTO auth_permission VALUES(4,1,'view_logentry','Can view log entry');
INSERT INTO auth_permission VALUES(5,3,'add_permission','Can add permission');
INSERT INTO auth_permission VALUES(6,3,'change_permission','Can change permission');
INSERT INTO auth_permission VALUES(7,3,'delete_permission','Can delete permission');
INSERT INTO auth_permission VALUES(8,3,'view_permission','Can view permission');
INSERT INTO auth_permission VALUES(9,2,'add_group','Can add group');
INSERT INTO auth_permission VALUES(10,2,'change_group','Can change group');
INSERT INTO auth_permission VALUES(11,2,'delete_group','Can delete group');
INSERT INTO auth_permission VALUES(12,2,'view_group','Can view group');
INSERT INTO auth_permission VALUES(13,4,'add_contenttype','Can add content type');
INSERT INTO auth_permission VALUES(14,4,'change_contenttype','Can change content type');
INSERT INTO auth_permission VALUES(15,4,'delete_contenttype','Can delete content type');
INSERT INTO auth_permission VALUES(16,4,'view_contenttype','Can view content type');
INSERT INTO auth_permission VALUES(17,5,'add_session','Can add session');
INSERT INTO auth_permission VALUES(18,5,'change_session','Can change session');
INSERT INTO auth_permission VALUES(19,5,'delete_session','Can delete session');
INSERT INTO auth_permission VALUES(20,5,'view_session','Can view session');
INSERT INTO auth_permission VALUES(21,6,'add_token','Can add Token');
INSERT INTO auth_permission VALUES(22,6,'change_token','Can change Token');
INSERT INTO auth_permission VALUES(23,6,'delete_token','Can delete Token');
INSERT INTO auth_permission VALUES(24,6,'view_token','Can view Token');
INSERT INTO auth_permission VALUES(25,7,'add_tokenproxy','Can add Token');
INSERT INTO auth_permission VALUES(26,7,'change_tokenproxy','Can change Token');
INSERT INTO auth_permission VALUES(27,7,'delete_tokenproxy','Can delete Token');
INSERT INTO auth_permission VALUES(28,7,'view_tokenproxy','Can view Token');
INSERT INTO auth_permission VALUES(29,8,'add_brand','Can add brand');
INSERT INTO auth_permission VALUES(30,8,'change_brand','Can change brand');
INSERT INTO auth_permission VALUES(31,8,'delete_brand','Can delete brand');
INSERT INTO auth_permission VALUES(32,8,'view_brand','Can view brand');
INSERT INTO auth_permission VALUES(33,15,'add_servicecategory','Can add service category');
INSERT INTO auth_permission VALUES(34,15,'change_servicecategory','Can change service category');
INSERT INTO auth_permission VALUES(35,15,'delete_servicecategory','Can delete service category');
INSERT INTO auth_permission VALUES(36,15,'view_servicecategory','Can view service category');
INSERT INTO auth_permission VALUES(37,18,'add_typeofwork','Can add type of work');
INSERT INTO auth_permission VALUES(38,18,'change_typeofwork','Can change type of work');
INSERT INTO auth_permission VALUES(39,18,'delete_typeofwork','Can delete type of work');
INSERT INTO auth_permission VALUES(40,18,'view_typeofwork','Can view type of work');
INSERT INTO auth_permission VALUES(41,9,'add_client','Can add client');
INSERT INTO auth_permission VALUES(42,9,'change_client','Can change client');
INSERT INTO auth_permission VALUES(43,9,'delete_client','Can delete client');
INSERT INTO auth_permission VALUES(44,9,'view_client','Can view client');
INSERT INTO auth_permission VALUES(45,11,'add_clientowner','Can add client owner');
INSERT INTO auth_permission VALUES(46,11,'change_clientowner','Can change client owner');
INSERT INTO auth_permission VALUES(47,11,'delete_clientowner','Can delete client owner');
INSERT INTO auth_permission VALUES(48,11,'view_clientowner','Can view client owner');
INSERT INTO auth_permission VALUES(49,10,'add_clientattachment','Can add client attachment');
INSERT INTO auth_permission VALUES(50,10,'change_clientattachment','Can change client attachment');
INSERT INTO auth_permission VALUES(51,10,'delete_clientattachment','Can delete client attachment');
INSERT INTO auth_permission VALUES(52,10,'view_clientattachment','Can view client attachment');
INSERT INTO auth_permission VALUES(53,14,'add_scopeofwork','Can add scope of work');
INSERT INTO auth_permission VALUES(54,14,'change_scopeofwork','Can change scope of work');
INSERT INTO auth_permission VALUES(55,14,'delete_scopeofwork','Can delete scope of work');
INSERT INTO auth_permission VALUES(56,14,'view_scopeofwork','Can view scope of work');
INSERT INTO auth_permission VALUES(57,12,'add_negativeremark','Can add negative remark');
INSERT INTO auth_permission VALUES(58,12,'change_negativeremark','Can change negative remark');
INSERT INTO auth_permission VALUES(59,12,'delete_negativeremark','Can delete negative remark');
INSERT INTO auth_permission VALUES(60,12,'view_negativeremark','Can view negative remark');
INSERT INTO auth_permission VALUES(61,13,'add_negativeremarkontask','Can add negative remark on task');
INSERT INTO auth_permission VALUES(62,13,'change_negativeremarkontask','Can change negative remark on task');
INSERT INTO auth_permission VALUES(63,13,'delete_negativeremarkontask','Can delete negative remark on task');
INSERT INTO auth_permission VALUES(64,13,'view_negativeremarkontask','Can view negative remark on task');
INSERT INTO auth_permission VALUES(65,17,'add_taskattachment','Can add task attachment');
INSERT INTO auth_permission VALUES(66,17,'change_taskattachment','Can change task attachment');
INSERT INTO auth_permission VALUES(67,17,'delete_taskattachment','Can delete task attachment');
INSERT INTO auth_permission VALUES(68,17,'view_taskattachment','Can view task attachment');
INSERT INTO auth_permission VALUES(69,16,'add_task','Can add task');
INSERT INTO auth_permission VALUES(70,16,'change_task','Can change task');
INSERT INTO auth_permission VALUES(71,16,'delete_task','Can delete task');
INSERT INTO auth_permission VALUES(72,16,'view_task','Can view task');
INSERT INTO auth_permission VALUES(73,19,'add_customuser','Can add custom user');
INSERT INTO auth_permission VALUES(74,19,'change_customuser','Can change custom user');
INSERT INTO auth_permission VALUES(75,19,'delete_customuser','Can delete custom user');
INSERT INTO auth_permission VALUES(76,19,'view_customuser','Can view custom user');
INSERT INTO auth_permission VALUES(77,20,'add_employee','Can add employee');
INSERT INTO auth_permission VALUES(78,20,'change_employee','Can change employee');
INSERT INTO auth_permission VALUES(79,20,'delete_employee','Can delete employee');
INSERT INTO auth_permission VALUES(80,20,'view_employee','Can view employee');
INSERT INTO auth_permission VALUES(81,22,'add_groupmember','Can add group member');
INSERT INTO auth_permission VALUES(82,22,'change_groupmember','Can change group member');
INSERT INTO auth_permission VALUES(83,22,'delete_groupmember','Can delete group member');
INSERT INTO auth_permission VALUES(84,22,'view_groupmember','Can view group member');
INSERT INTO auth_permission VALUES(85,21,'add_group','Can add group');
INSERT INTO auth_permission VALUES(86,21,'change_group','Can change group');
INSERT INTO auth_permission VALUES(87,21,'delete_group','Can delete group');
INSERT INTO auth_permission VALUES(88,21,'view_group','Can view group');
INSERT INTO auth_permission VALUES(89,23,'add_clientmonthlyamount','Can add client monthly amount');
INSERT INTO auth_permission VALUES(90,23,'change_clientmonthlyamount','Can change client monthly amount');
INSERT INTO auth_permission VALUES(91,23,'delete_clientmonthlyamount','Can delete client monthly amount');
INSERT INTO auth_permission VALUES(92,23,'view_clientmonthlyamount','Can view client monthly amount');
INSERT INTO auth_permission VALUES(93,25,'add_taskstage','Can add task stage');
INSERT INTO auth_permission VALUES(94,25,'change_taskstage','Can change task stage');
INSERT INTO auth_permission VALUES(95,25,'delete_taskstage','Can delete task stage');
INSERT INTO auth_permission VALUES(96,25,'view_taskstage','Can view task stage');
INSERT INTO auth_permission VALUES(97,24,'add_taskonstage','Can add task on stage');
INSERT INTO auth_permission VALUES(98,24,'change_taskonstage','Can change task on stage');
INSERT INTO auth_permission VALUES(99,24,'delete_taskonstage','Can delete task on stage');
INSERT INTO auth_permission VALUES(100,24,'view_taskonstage','Can view task on stage');
INSERT INTO auth_permission VALUES(101,26,'add_additionalpoints','Can add additional points');
INSERT INTO auth_permission VALUES(102,26,'change_additionalpoints','Can change additional points');
INSERT INTO auth_permission VALUES(103,26,'delete_additionalpoints','Can delete additional points');
INSERT INTO auth_permission VALUES(104,26,'view_additionalpoints','Can view additional points');
CREATE TABLE IF NOT EXISTS "auth_group" ("id" integer NOT NULL PRIMARY KEY AUTOINCREMENT, "name" varchar(150) NOT NULL UNIQUE);
CREATE TABLE IF NOT EXISTS "users_customuser_groups" ("id" integer NOT NULL PRIMARY KEY AUTOINCREMENT, "customuser_id" bigint NOT NULL REFERENCES "users_customuser" ("id") DEFERRABLE INITIALLY DEFERRED, "group_id" integer NOT NULL REFERENCES "auth_group" ("id") DEFERRABLE INITIALLY DEFERRED);
CREATE TABLE IF NOT EXISTS "users_customuser_user_permissions" ("id" integer NOT NULL PRIMARY KEY AUTOINCREMENT, "customuser_id" bigint NOT NULL REFERENCES "users_customuser" ("id") DEFERRABLE INITIALLY DEFERRED, "permission_id" integer NOT NULL REFERENCES "auth_permission" ("id") DEFERRABLE INITIALLY DEFERRED);
CREATE TABLE IF NOT EXISTS "django_admin_log" ("id" integer NOT NULL PRIMARY KEY AUTOINCREMENT, "object_id" text NULL, "object_repr" varchar(200) NOT NULL, "action_flag" smallint unsigned NOT NULL CHECK ("action_flag" >= 0), "change_message" text NOT NULL, "content_type_id" integer NULL REFERENCES "django_content_type" ("id") DEFERRABLE INITIALLY DEFERRED, "user_id" bigint NOT NULL REFERENCES "users_customuser" ("id") DEFERRABLE INITIALLY DEFERRED, "action_time" datetime NOT NULL);
INSERT INTO django_admin_log VALUES(1,'1','harsh@pivotmkg.com',2,'[{"changed": {"fields": ["First name", "Last name"]}}]',19,1,'2026-03-23 08:17:45.217033');
INSERT INTO django_admin_log VALUES(2,'1','harsh@pivotmkg.com - Web Developer',1,'[{"added": {}}]',20,1,'2026-03-23 08:18:30.015173');
INSERT INTO django_admin_log VALUES(3,'1','Landing Page Development',1,'[{"added": {}}]',18,1,'2026-03-23 08:24:34.580293');
INSERT INTO django_admin_log VALUES(4,'1','#1 | Web Packaging Solution | LinkedIn Post 1',2,'[{"changed": {"fields": ["Is marked completed by superadmin"]}}]',16,1,'2026-03-23 08:58:56.573848');
INSERT INTO django_admin_log VALUES(5,'1','#1 | Web Packaging Solution | LinkedIn Post 1',2,'[{"changed": {"fields": ["Is marked completed by account planner", "Is marked completed by art director", "Is marked completed by designer"]}}]',16,1,'2026-03-23 08:59:12.879550');
INSERT INTO django_admin_log VALUES(6,'1','#1 | Web Packaging Solution | LinkedIn Post 1',2,'[{"changed": {"fields": ["Is marked completed by superadmin", "Is marked completed by account planner", "Is marked completed by art director", "Is marked completed by designer"]}}]',16,1,'2026-03-23 08:59:38.153485');
INSERT INTO django_admin_log VALUES(7,'2','disha@pivotmkg.com',1,'[{"added": {}}]',19,1,'2026-03-23 09:24:24.431379');
INSERT INTO django_admin_log VALUES(8,'3','dhruv@pivotmkg.com',1,'[{"added": {}}]',19,1,'2026-03-23 09:24:45.996398');
INSERT INTO django_admin_log VALUES(9,'4','siddesh@pivotmkg.com',1,'[{"added": {}}]',19,1,'2026-03-23 09:25:07.685974');
INSERT INTO django_admin_log VALUES(10,'5','aditya@pivotmkg.com',1,'[{"added": {}}]',19,1,'2026-03-23 09:25:23.073554');
INSERT INTO django_admin_log VALUES(11,'6','esther@pivotmkg.com',1,'[{"added": {}}]',19,1,'2026-03-23 09:25:32.631158');
INSERT INTO django_admin_log VALUES(12,'6','esther@pivotmkg.com',2,'[]',19,1,'2026-03-23 09:25:36.003936');
INSERT INTO django_admin_log VALUES(13,'7','meghna@pivotmkg.com',1,'[{"added": {}}]',19,1,'2026-03-23 09:25:45.501340');
INSERT INTO django_admin_log VALUES(14,'2','meghna@pivotmkg.com - Designer',1,'[{"added": {}}]',20,1,'2026-03-23 09:26:33.490107');
INSERT INTO django_admin_log VALUES(15,'3','esther@pivotmkg.com - Designer',1,'[{"added": {}}]',20,1,'2026-03-23 09:26:39.535061');
INSERT INTO django_admin_log VALUES(16,'4','disha@pivotmkg.com - Designer',1,'[{"added": {}}]',20,1,'2026-03-23 09:26:58.170908');
INSERT INTO django_admin_log VALUES(17,'1','siddesh@pivotmkg.com -> Web Packaging Solution',1,'[{"added": {}}]',11,1,'2026-03-23 10:11:52.990001');
INSERT INTO django_admin_log VALUES(18,'3','#3 | Web Packaging Solution | Revision 1: LinkedIn Post 1',2,'[{"changed": {"fields": ["Is marked completed by account planner"]}}]',16,1,'2026-03-23 10:13:20.925632');
INSERT INTO django_admin_log VALUES(19,'3','#3 | Web Packaging Solution | Revision 1: LinkedIn Post 1',2,'[{"changed": {"fields": ["Is marked completed by art director", "Is marked completed by designer"]}}]',16,1,'2026-03-23 10:20:50.317660');
INSERT INTO django_admin_log VALUES(20,'1','#1 | Web Packaging Solution | LinkedIn Post 1',2,'[{"changed": {"fields": ["Is marked completed by art director", "Is marked completed by designer"]}}]',16,1,'2026-03-23 10:21:51.545136');
INSERT INTO django_admin_log VALUES(21,'4','LinkedIn Static Post',2,'[{"changed": {"fields": ["Point"]}}]',18,1,'2026-03-24 07:50:55.364218');
INSERT INTO django_admin_log VALUES(22,'1','Post Hygenie',1,'[{"added": {}}]',12,1,'2026-03-24 10:08:39.318768');
INSERT INTO django_admin_log VALUES(23,'2','Missing Clients deadline',1,'[{"added": {}}]',12,1,'2026-03-24 10:08:56.398988');
INSERT INTO django_admin_log VALUES(24,'3','Missing Internal deadline',1,'[{"added": {}}]',12,1,'2026-03-24 10:09:19.374290');
INSERT INTO django_admin_log VALUES(25,'2','Missing Clients deadline',2,'[{"changed": {"fields": ["Description"]}}]',12,1,'2026-03-24 10:09:27.086921');
INSERT INTO django_admin_log VALUES(26,'1','Post Hygenie',2,'[{"changed": {"fields": ["Description"]}}]',12,1,'2026-03-24 10:09:43.072677');
INSERT INTO django_admin_log VALUES(27,'6','Carousel Post',1,'[{"added": {}}]',18,1,'2026-03-24 10:45:53.903011');
INSERT INTO django_admin_log VALUES(28,'7','Brochure/ Brand book',1,'[{"added": {}}]',18,1,'2026-03-24 10:46:01.087372');
INSERT INTO django_admin_log VALUES(29,'8','Report',1,'[{"added": {}}]',18,1,'2026-03-24 10:46:08.122679');
INSERT INTO django_admin_log VALUES(30,'9','Template',1,'[{"added": {}}]',18,1,'2026-03-24 10:46:15.217132');
INSERT INTO django_admin_log VALUES(31,'10','Presentation',1,'[{"added": {}}]',18,1,'2026-03-24 10:46:22.690397');
INSERT INTO django_admin_log VALUES(32,'11','Static Post',1,'[{"added": {}}]',18,1,'2026-03-24 10:46:45.753208');
INSERT INTO django_admin_log VALUES(33,'12','Ad Creative',1,'[{"added": {}}]',18,1,'2026-03-24 10:46:55.050629');
INSERT INTO django_admin_log VALUES(34,'13','Pitch Deck',1,'[{"added": {}}]',18,1,'2026-03-24 10:47:09.304385');
INSERT INTO django_admin_log VALUES(35,'14','Brand Collaterals',1,'[{"added": {}}]',18,1,'2026-03-24 10:47:23.292710');
INSERT INTO django_admin_log VALUES(36,'15','Reel (Upto30sec)',1,'[{"added": {}}]',18,1,'2026-03-24 10:47:35.284616');
INSERT INTO django_admin_log VALUES(37,'16','Logo',1,'[{"added": {}}]',18,1,'2026-03-24 10:47:49.250435');
INSERT INTO django_admin_log VALUES(38,'17','Other website pages',1,'[{"added": {}}]',18,1,'2026-03-24 10:47:57.275226');
INSERT INTO django_admin_log VALUES(39,'18','Home page & Product Page',1,'[{"added": {}}]',18,1,'2026-03-24 10:48:05.407261');
INSERT INTO django_admin_log VALUES(40,'19','Video (Above 30sec)',1,'[{"added": {}}]',18,1,'2026-03-24 10:48:12.849630');
INSERT INTO django_admin_log VALUES(41,'1','designer',1,'[{"added": {}}]',21,1,'2026-03-24 11:04:30.009093');
INSERT INTO django_admin_log VALUES(42,'1','designer -> meghna@pivotmkg.com',1,'[{"added": {}}]',22,1,'2026-03-24 11:04:40.157767');
INSERT INTO django_admin_log VALUES(43,'2','designer -> esther@pivotmkg.com',1,'[{"added": {}}]',22,1,'2026-03-24 11:04:43.916355');
INSERT INTO django_admin_log VALUES(44,'3','designer -> aditya@pivotmkg.com',1,'[{"added": {}}]',22,1,'2026-03-24 11:04:49.150886');
INSERT INTO django_admin_log VALUES(45,'4','designer -> disha@pivotmkg.com',1,'[{"added": {}}]',22,1,'2026-03-24 11:05:03.364053');
INSERT INTO django_admin_log VALUES(46,'8','kumar@pivotmkg.com',1,'[{"added": {}}]',19,1,'2026-03-24 11:21:02.592429');
INSERT INTO django_admin_log VALUES(47,'5','designer -> kumar@pivotmkg.com',1,'[{"added": {}}]',22,1,'2026-03-24 11:21:29.950861');
INSERT INTO django_admin_log VALUES(48,'6','#6 | Web Packaging Solution | WPS Intel Brochure',2,'[{"changed": {"fields": ["Target date"]}}]',16,1,'2026-03-24 11:37:01.039398');
INSERT INTO django_admin_log VALUES(49,'6','#6 | Web Packaging Solution | WPS Intel Brochure',2,'[{"changed": {"fields": ["Scope of work"]}}]',16,1,'2026-03-24 13:09:50.759149');
INSERT INTO django_admin_log VALUES(50,'9','#9 | Web Packaging Solution | WPS Intel Brochure',2,'[{"changed": {"fields": ["Is marked completed by account planner", "Is marked completed by art director", "Is marked completed by designer"]}}]',16,1,'2026-03-24 17:27:44.098720');
INSERT INTO django_admin_log VALUES(51,'2','meghna@pivotmkg.com - Designer',2,'[{"changed": {"fields": ["Salary"]}}]',20,1,'2026-03-24 18:45:43.538094');
INSERT INTO django_admin_log VALUES(52,'3','esther@pivotmkg.com - Designer',2,'[{"changed": {"fields": ["Salary"]}}]',20,1,'2026-03-24 18:45:52.166082');
INSERT INTO django_admin_log VALUES(53,'4','disha@pivotmkg.com - Designer',2,'[{"changed": {"fields": ["Salary"]}}]',20,1,'2026-03-24 18:46:01.597743');
INSERT INTO django_admin_log VALUES(54,'5','kumar@pivotmkg.com - Designer',1,'[{"added": {}}]',20,1,'2026-03-24 18:46:17.599630');
INSERT INTO django_admin_log VALUES(55,'6','aditya@pivotmkg.com - Designer',1,'[{"added": {}}]',20,1,'2026-03-24 18:46:36.428576');
INSERT INTO django_admin_log VALUES(56,'1','Web Packaging Solution | 2026-03-25 | 1000000',1,'[{"added": {}}]',23,1,'2026-03-24 19:17:47.492414');
INSERT INTO django_admin_log VALUES(57,'1','Web Packaging Solution | 2026-03-25 | 500000',2,'[{"changed": {"fields": ["Amt"]}}]',23,1,'2026-03-24 19:19:30.467965');
INSERT INTO django_admin_log VALUES(58,'1','backlog',1,'[{"added": {}}]',25,1,'2026-03-26 12:54:51.685871');
INSERT INTO django_admin_log VALUES(59,'2','in progress',1,'[{"added": {}}]',25,1,'2026-03-26 12:55:06.328606');
INSERT INTO django_admin_log VALUES(60,'3','in review',1,'[{"added": {}}]',25,1,'2026-03-26 12:55:18.299501');
INSERT INTO django_admin_log VALUES(61,'4','done',1,'[{"added": {}}]',25,1,'2026-03-26 12:55:22.960540');
INSERT INTO django_admin_log VALUES(62,'1','backlog -> Task #11',1,'[{"added": {}}]',24,1,'2026-03-26 13:02:16.731987');
INSERT INTO django_admin_log VALUES(63,'11','#11 | Web Packaging Solution | Redo 1: WPS Intel Brochure',2,'[{"changed": {"fields": ["Is marked completed by account planner"]}}]',16,1,'2026-03-28 08:09:55.173146');
INSERT INTO django_admin_log VALUES(64,'11','#11 | Web Packaging Solution | Redo 1: WPS Intel Brochure',2,'[{"changed": {"fields": ["Stage"]}}]',16,1,'2026-03-28 08:11:04.583306');
INSERT INTO django_admin_log VALUES(65,'11','#11 | Web Packaging Solution | Redo 1: WPS Intel Brochure',2,'[{"changed": {"fields": ["Stage"]}}]',16,1,'2026-03-28 08:11:20.880738');
INSERT INTO django_admin_log VALUES(66,'11','#11 | Web Packaging Solution | Redo 1: WPS Intel Brochure',2,'[{"changed": {"fields": ["Is marked completed by account planner", "Is marked completed by art director", "Is marked completed by designer"]}}]',16,1,'2026-03-28 08:11:33.499618');
INSERT INTO django_admin_log VALUES(67,'11','#11 | Web Packaging Solution | Redo 1: WPS Intel Brochure',2,'[{"changed": {"fields": ["Is marked completed by account planner", "Is marked completed by art director", "Is marked completed by designer"]}}]',16,1,'2026-03-28 08:12:19.997019');
INSERT INTO django_admin_log VALUES(68,'10','#10 | Web Packaging Solution | Revision 1: WPS Intel Brochure',2,'[{"changed": {"fields": ["Is marked completed by account planner", "Is marked completed by designer"]}}]',16,1,'2026-03-28 08:12:28.223878');
INSERT INTO django_admin_log VALUES(69,'12','#12 | Web Packaging Solution | LinkedIn Post 1',2,'[{"changed": {"fields": ["Is marked completed by superadmin", "Is marked completed by account planner", "Is marked completed by art director", "Is marked completed by designer"]}}]',16,1,'2026-03-28 08:12:38.103793');
INSERT INTO django_admin_log VALUES(70,'9','#9 | Web Packaging Solution | WPS Intel Brochure',2,'[{"changed": {"fields": ["Is marked completed by account planner", "Is marked completed by art director", "Is marked completed by designer"]}}]',16,1,'2026-03-28 08:12:48.358630');
INSERT INTO django_admin_log VALUES(71,'9','#9 | Web Packaging Solution | WPS Intel Brochure',2,'[{"changed": {"fields": ["Stage", "Is marked completed by account planner", "Is marked completed by art director", "Is marked completed by designer"]}}]',16,1,'2026-03-28 08:13:01.252604');
INSERT INTO django_admin_log VALUES(72,'11','#11 | Web Packaging Solution | Redo 1: WPS Intel Brochure',2,'[{"changed": {"fields": ["Stage"]}}]',16,1,'2026-03-28 08:13:12.405231');
INSERT INTO django_admin_log VALUES(73,'12','#12 | Web Packaging Solution | LinkedIn Post 1',2,'[{"changed": {"fields": ["Stage", "Is marked completed by account planner", "Is marked completed by art director", "Is marked completed by designer"]}}]',16,1,'2026-03-28 08:13:39.179261');
INSERT INTO django_admin_log VALUES(74,'11','#11 | Web Packaging Solution | Redo 1: WPS Intel Brochure',2,'[{"changed": {"fields": ["Is marked completed by account planner", "Is marked completed by art director", "Is marked completed by designer"]}}]',16,1,'2026-03-28 08:14:30.016066');
INSERT INTO django_admin_log VALUES(75,'11','#11 | Web Packaging Solution | Redo 1: WPS Intel Brochure',2,'[{"changed": {"fields": ["Stage"]}}]',16,1,'2026-03-28 08:14:52.950848');
INSERT INTO django_admin_log VALUES(76,'11','#11 | Web Packaging Solution | Redo 1: WPS Intel Brochure',2,'[{"changed": {"fields": ["Is marked completed by account planner", "Is marked completed by art director", "Is marked completed by designer"]}}]',16,1,'2026-03-28 08:15:03.611204');
INSERT INTO django_admin_log VALUES(77,'12','#12 | Web Packaging Solution | LinkedIn Post 1',3,'',16,1,'2026-03-28 08:16:27.887905');
INSERT INTO django_admin_log VALUES(78,'9','#9 | Web Packaging Solution | WPS Intel Brochure',3,'',16,1,'2026-03-28 08:16:27.887958');
INSERT INTO django_admin_log VALUES(79,'13','#13 | Unifab | Instagram Static Post 1',2,'[{"changed": {"fields": ["Is marked completed by account planner", "Is marked completed by art director", "Is marked completed by designer"]}}]',16,1,'2026-03-28 08:29:25.457944');
INSERT INTO django_admin_log VALUES(80,'13','#13 | Unifab | Instagram Static Post 1',2,'[{"changed": {"fields": ["Stage"]}}]',16,1,'2026-03-28 08:29:37.886315');
INSERT INTO django_admin_log VALUES(81,'13','#13 | Unifab | Instagram Static Post 1',2,'[{"changed": {"fields": ["Stage", "Is marked completed by account planner", "Is marked completed by art director", "Is marked completed by designer"]}}]',16,1,'2026-03-28 08:30:04.287334');
INSERT INTO django_admin_log VALUES(82,'12','Ad Creative',2,'[{"changed": {"fields": ["Redo point"]}}]',18,1,'2026-03-28 09:56:10.047466');
INSERT INTO django_admin_log VALUES(83,'12','Ad Creative',2,'[{"changed": {"fields": ["Major changes point", "Minor changes point"]}}]',18,1,'2026-03-28 09:56:38.198025');
INSERT INTO django_admin_log VALUES(84,'15','#15 | Unifab | Revision 1: Instagram Static Post 1',2,'[{"changed": {"fields": ["Stage"]}}]',16,1,'2026-03-30 09:49:57.888674');
INSERT INTO django_admin_log VALUES(85,'13','#13 | Unifab | Instagram Static Post 1',2,'[{"changed": {"fields": ["Stage"]}}]',16,1,'2026-03-30 09:50:05.743801');
INSERT INTO django_admin_log VALUES(86,'23','#23 | James Douglas India | James Douglas Lead Ad Series',2,'[{"changed": {"fields": ["Stage"]}}]',16,1,'2026-03-30 14:27:33.005148');
INSERT INTO django_admin_log VALUES(87,'20','#20 | Web Packaging Solution | Redo 1: WPS Intel Brochure',2,'[{"changed": {"fields": ["Stage"]}}]',16,1,'2026-03-30 14:27:39.753733');
INSERT INTO django_admin_log VALUES(88,'22','#22 | Unifab | Revision 1: Instagram Static Post 1',2,'[{"changed": {"fields": ["Stage"]}}]',16,1,'2026-03-30 14:27:45.247820');
INSERT INTO django_admin_log VALUES(89,'19','#19 | Web Packaging Solution | Revision 1: WPS Intel Brochure',2,'[]',16,1,'2026-03-30 14:27:52.430656');
INSERT INTO django_admin_log VALUES(90,'21','#21 | Unifab | Instagram Static Post 1',2,'[{"changed": {"fields": ["Stage"]}}]',16,1,'2026-03-30 14:33:47.640088');
INSERT INTO django_admin_log VALUES(91,'35','Brochure',2,'[{"changed": {"fields": ["Point"]}}]',18,1,'2026-03-31 05:05:37.326962');
INSERT INTO django_admin_log VALUES(92,'34','Static Post',2,'[{"changed": {"fields": ["Point"]}}]',18,1,'2026-03-31 05:05:50.142417');
INSERT INTO django_admin_log VALUES(93,'38','Website Video Illustration',2,'[{"changed": {"fields": ["Point"]}}]',18,1,'2026-03-31 05:06:02.647560');
INSERT INTO django_admin_log VALUES(94,'39','Reel',2,'[{"changed": {"fields": ["Point"]}}]',18,1,'2026-03-31 05:06:16.878106');
INSERT INTO django_admin_log VALUES(95,'45','#45 | WPS | WPS - Insight Brochure - 14 Pages',2,'[{"changed": {"fields": ["Stage"]}}]',16,1,'2026-03-31 05:07:05.305607');
INSERT INTO django_admin_log VALUES(96,'44','#44 | Selkie | Selkie''s Instagram Carsoual Post - 3 Slides',2,'[{"changed": {"fields": ["Stage"]}}]',16,1,'2026-03-31 05:07:14.154346');
INSERT INTO django_admin_log VALUES(97,'43','#43 | Selkie | Selkie''s Instagram Reel',2,'[{"changed": {"fields": ["Stage"]}}]',16,1,'2026-03-31 05:07:20.658475');
INSERT INTO django_admin_log VALUES(98,'42','#42 | ABLBL | ABLBL - Pitch Dech - 9 Slides',2,'[{"changed": {"fields": ["Stage"]}}]',16,1,'2026-03-31 05:07:26.900003');
INSERT INTO django_admin_log VALUES(99,'40','#40 | Truboard CleanTech | Truboard CleanTech Website Video Illustration',2,'[{"changed": {"fields": ["Stage"]}}]',16,1,'2026-03-31 05:07:37.106144');
INSERT INTO django_admin_log VALUES(100,'41','#41 | ABLBL | ABLBL - Brochure - 12',2,'[{"changed": {"fields": ["Stage"]}}]',16,1,'2026-03-31 05:07:42.785642');
INSERT INTO django_admin_log VALUES(101,'39','#39 | WPS | WPS LinkedIn Static Post 1',2,'[{"changed": {"fields": ["Stage"]}}]',16,1,'2026-03-31 05:07:53.221818');
INSERT INTO django_admin_log VALUES(102,'38','#38 | WPS | WPS Intel Brochure - 12 Pages',2,'[{"changed": {"fields": ["Stage"]}}]',16,1,'2026-03-31 05:08:00.965206');
INSERT INTO django_admin_log VALUES(103,'5','kumar@pivotmkg.com - Designer',2,'[{"changed": {"fields": ["Salary"]}}]',20,1,'2026-03-31 05:13:58.045110');
INSERT INTO django_admin_log VALUES(104,'40','#40 | Truboard CleanTech | Truboard CleanTech Website Video Illustration',2,'[{"changed": {"fields": ["Type of work"]}}]',16,1,'2026-03-31 05:15:27.475435');
INSERT INTO django_admin_log VALUES(105,'37','Pitch Deck',2,'[{"changed": {"fields": ["Point"]}}]',18,1,'2026-03-31 05:16:41.711129');
INSERT INTO django_admin_log VALUES(106,'32','WPS | 2026-03-28 | 50000',1,'[{"added": {}}]',23,1,'2026-04-01 05:49:57.201389');
INSERT INTO django_admin_log VALUES(107,'33','ABLBL | 2026-03-28 | 50000',1,'[{"added": {}}]',23,1,'2026-04-01 05:52:05.572998');
INSERT INTO django_admin_log VALUES(108,'34','Selkie | 2026-03-28 | 45000',1,'[{"added": {}}]',23,1,'2026-04-01 05:52:19.718075');
INSERT INTO django_admin_log VALUES(109,'35','Truboard CleanTech | 2026-03-28 | 65000',1,'[{"added": {}}]',23,1,'2026-04-01 05:52:35.561046');
INSERT INTO django_admin_log VALUES(110,'1','kumar@pivotmkg.com | 2026-04-01 | 10',1,'[{"added": {}}]',26,1,'2026-04-01 14:02:45.914676');
INSERT INTO django_admin_log VALUES(111,'2','disha@pivotmkg.com',2,'[{"changed": {"fields": ["First name", "Last name"]}}]',19,1,'2026-04-01 14:06:00.440219');
INSERT INTO django_admin_log VALUES(112,'1','kumar@pivotmkg.com | 2026-04-01 | 10.0000',3,'',26,1,'2026-04-01 14:57:15.197670');
INSERT INTO django_admin_log VALUES(113,'1','kumar@pivotmkg.com | 2024-11-09 | 4.0000',1,'new through import_export',26,1,'2026-04-01 14:59:34.635116');
INSERT INTO django_admin_log VALUES(114,'2','meghna@pivotmkg.com | 2024-11-09 | 13.0000',1,'new through import_export',26,1,'2026-04-01 14:59:34.635476');
INSERT INTO django_admin_log VALUES(115,'3','esther@pivotmkg.com | 2024-11-09 | 2.0000',1,'new through import_export',26,1,'2026-04-01 14:59:34.635505');
INSERT INTO django_admin_log VALUES(116,'4','disha@pivotmkg.com | 2024-11-09 | 7.0000',1,'new through import_export',26,1,'2026-04-01 14:59:34.635521');
INSERT INTO django_admin_log VALUES(117,'5','kumar@pivotmkg.com | 2024-11-16 | 3.0000',1,'new through import_export',26,1,'2026-04-01 14:59:34.635535');
INSERT INTO django_admin_log VALUES(118,'6','meghna@pivotmkg.com | 2024-11-16 | 6.0000',1,'new through import_export',26,1,'2026-04-01 14:59:34.635549');
INSERT INTO django_admin_log VALUES(119,'7','esther@pivotmkg.com | 2024-11-16 | 9.5000',1,'new through import_export',26,1,'2026-04-01 14:59:34.635562');
INSERT INTO django_admin_log VALUES(120,'8','disha@pivotmkg.com | 2024-11-16 | 5.5000',1,'new through import_export',26,1,'2026-04-01 14:59:34.635575');
INSERT INTO django_admin_log VALUES(121,'9','kumar@pivotmkg.com | 2024-11-23 | 9.0000',1,'new through import_export',26,1,'2026-04-01 14:59:34.635586');
INSERT INTO django_admin_log VALUES(122,'10','meghna@pivotmkg.com | 2024-11-23 | 11.0000',1,'new through import_export',26,1,'2026-04-01 14:59:34.635598');
INSERT INTO django_admin_log VALUES(123,'11','esther@pivotmkg.com | 2024-11-23 | 17.0000',1,'new through import_export',26,1,'2026-04-01 14:59:34.635608');
INSERT INTO django_admin_log VALUES(124,'12','disha@pivotmkg.com | 2024-11-23 | 12.0000',1,'new through import_export',26,1,'2026-04-01 14:59:34.635620');
INSERT INTO django_admin_log VALUES(125,'13','kumar@pivotmkg.com | 2024-11-30 | 40.0000',1,'new through import_export',26,1,'2026-04-01 14:59:34.635631');
INSERT INTO django_admin_log VALUES(126,'14','meghna@pivotmkg.com | 2024-11-30 | 24.0000',1,'new through import_export',26,1,'2026-04-01 14:59:34.635643');
INSERT INTO django_admin_log VALUES(127,'15','esther@pivotmkg.com | 2024-11-30 | 14.0000',1,'new through import_export',26,1,'2026-04-01 14:59:34.635653');
INSERT INTO django_admin_log VALUES(128,'16','disha@pivotmkg.com | 2024-11-30 | 10.0000',1,'new through import_export',26,1,'2026-04-01 14:59:34.635665');
INSERT INTO django_admin_log VALUES(129,'17','kumar@pivotmkg.com | 2024-12-07 | 10.0000',1,'new through import_export',26,1,'2026-04-01 14:59:34.635677');
INSERT INTO django_admin_log VALUES(130,'18','meghna@pivotmkg.com | 2024-12-07 | 17.0000',1,'new through import_export',26,1,'2026-04-01 14:59:34.635688');
INSERT INTO django_admin_log VALUES(131,'19','esther@pivotmkg.com | 2024-12-07 | 13.0000',1,'new through import_export',26,1,'2026-04-01 14:59:34.635699');
INSERT INTO django_admin_log VALUES(132,'20','disha@pivotmkg.com | 2024-12-07 | 5.0000',1,'new through import_export',26,1,'2026-04-01 14:59:34.635709');
INSERT INTO django_admin_log VALUES(133,'21','kumar@pivotmkg.com | 2024-12-14 | 7.0000',1,'new through import_export',26,1,'2026-04-01 14:59:34.635720');
INSERT INTO django_admin_log VALUES(134,'22','meghna@pivotmkg.com | 2024-12-14 | 17.0000',1,'new through import_export',26,1,'2026-04-01 14:59:34.635731');
INSERT INTO django_admin_log VALUES(135,'23','esther@pivotmkg.com | 2024-12-14 | 20.0000',1,'new through import_export',26,1,'2026-04-01 14:59:34.635741');
INSERT INTO django_admin_log VALUES(136,'24','disha@pivotmkg.com | 2024-12-14 | 11.0000',1,'new through import_export',26,1,'2026-04-01 14:59:34.635751');
INSERT INTO django_admin_log VALUES(137,'25','kumar@pivotmkg.com | 2024-12-21 | 3.0000',1,'new through import_export',26,1,'2026-04-01 14:59:34.635762');
INSERT INTO django_admin_log VALUES(138,'26','meghna@pivotmkg.com | 2024-12-21 | 5.0000',1,'new through import_export',26,1,'2026-04-01 14:59:34.635773');
INSERT INTO django_admin_log VALUES(139,'27','esther@pivotmkg.com | 2024-12-21 | 7.0000',1,'new through import_export',26,1,'2026-04-01 14:59:34.635783');
INSERT INTO django_admin_log VALUES(140,'28','disha@pivotmkg.com | 2024-12-21 | 1.0000',1,'new through import_export',26,1,'2026-04-01 14:59:34.635793');
INSERT INTO django_admin_log VALUES(141,'29','kumar@pivotmkg.com | 2024-12-28 | 1.0000',1,'new through import_export',26,1,'2026-04-01 14:59:34.635804');
INSERT INTO django_admin_log VALUES(142,'30','meghna@pivotmkg.com | 2024-12-28 | 8.0000',1,'new through import_export',26,1,'2026-04-01 14:59:34.635815');
INSERT INTO django_admin_log VALUES(143,'31','esther@pivotmkg.com | 2024-12-28 | 5.0000',1,'new through import_export',26,1,'2026-04-01 14:59:34.635824');
INSERT INTO django_admin_log VALUES(144,'32','disha@pivotmkg.com | 2024-12-28 | -1.0000',1,'new through import_export',26,1,'2026-04-01 14:59:34.635857');
INSERT INTO django_admin_log VALUES(145,'33','kumar@pivotmkg.com | 2025-01-04 | 1.0000',1,'new through import_export',26,1,'2026-04-01 14:59:34.635870');
INSERT INTO django_admin_log VALUES(146,'34','meghna@pivotmkg.com | 2025-01-04 | 10.0000',1,'new through import_export',26,1,'2026-04-01 14:59:34.635881');
INSERT INTO django_admin_log VALUES(147,'35','esther@pivotmkg.com | 2025-01-04 | 2.0000',1,'new through import_export',26,1,'2026-04-01 14:59:34.635891');
INSERT INTO django_admin_log VALUES(148,'36','disha@pivotmkg.com | 2025-01-04 | 2.0000',1,'new through import_export',26,1,'2026-04-01 14:59:34.635902');
INSERT INTO django_admin_log VALUES(149,'37','kumar@pivotmkg.com | 2025-01-11 | 2.0000',1,'new through import_export',26,1,'2026-04-01 14:59:34.635911');
INSERT INTO django_admin_log VALUES(150,'38','meghna@pivotmkg.com | 2025-01-11 | -2.0000',1,'new through import_export',26,1,'2026-04-01 14:59:34.635921');
INSERT INTO django_admin_log VALUES(151,'39','esther@pivotmkg.com | 2025-01-11 | 2.0000',1,'new through import_export',26,1,'2026-04-01 14:59:34.635932');
INSERT INTO django_admin_log VALUES(152,'40','kumar@pivotmkg.com | 2025-01-18 | 2.0000',1,'new through import_export',26,1,'2026-04-01 14:59:34.635942');
INSERT INTO django_admin_log VALUES(153,'41','meghna@pivotmkg.com | 2025-01-18 | 2.0000',1,'new through import_export',26,1,'2026-04-01 14:59:34.636424');
INSERT INTO django_admin_log VALUES(154,'42','esther@pivotmkg.com | 2025-01-18 | 2.0000',1,'new through import_export',26,1,'2026-04-01 14:59:34.636487');
INSERT INTO django_admin_log VALUES(155,'43','disha@pivotmkg.com | 2025-01-18 | 2.0000',1,'new through import_export',26,1,'2026-04-01 14:59:34.636506');
INSERT INTO django_admin_log VALUES(156,'44','kumar@pivotmkg.com | 2025-01-25 | 15.0000',1,'new through import_export',26,1,'2026-04-01 14:59:34.636520');
INSERT INTO django_admin_log VALUES(157,'45','meghna@pivotmkg.com | 2025-01-25 | 33.5000',1,'new through import_export',26,1,'2026-04-01 14:59:34.636533');
INSERT INTO django_admin_log VALUES(158,'46','esther@pivotmkg.com | 2025-01-25 | 18.0000',1,'new through import_export',26,1,'2026-04-01 14:59:34.636547');
INSERT INTO django_admin_log VALUES(159,'47','disha@pivotmkg.com | 2025-01-25 | 14.0000',1,'new through import_export',26,1,'2026-04-01 14:59:34.636561');
INSERT INTO django_admin_log VALUES(160,'47','disha@pivotmkg.com | 2025-01-25 | 14.0000',3,'',26,1,'2026-04-01 15:03:10.231040');
INSERT INTO django_admin_log VALUES(161,'46','esther@pivotmkg.com | 2025-01-25 | 18.0000',3,'',26,1,'2026-04-01 15:03:10.231077');
INSERT INTO django_admin_log VALUES(162,'45','meghna@pivotmkg.com | 2025-01-25 | 33.5000',3,'',26,1,'2026-04-01 15:03:10.231089');
INSERT INTO django_admin_log VALUES(163,'44','kumar@pivotmkg.com | 2025-01-25 | 15.0000',3,'',26,1,'2026-04-01 15:03:10.231099');
INSERT INTO django_admin_log VALUES(164,'43','disha@pivotmkg.com | 2025-01-18 | 2.0000',3,'',26,1,'2026-04-01 15:03:10.231108');
INSERT INTO django_admin_log VALUES(165,'42','esther@pivotmkg.com | 2025-01-18 | 2.0000',3,'',26,1,'2026-04-01 15:03:10.231119');
INSERT INTO django_admin_log VALUES(166,'41','meghna@pivotmkg.com | 2025-01-18 | 2.0000',3,'',26,1,'2026-04-01 15:03:10.231129');
INSERT INTO django_admin_log VALUES(167,'40','kumar@pivotmkg.com | 2025-01-18 | 2.0000',3,'',26,1,'2026-04-01 15:03:10.231138');
INSERT INTO django_admin_log VALUES(168,'39','esther@pivotmkg.com | 2025-01-11 | 2.0000',3,'',26,1,'2026-04-01 15:03:10.231147');
INSERT INTO django_admin_log VALUES(169,'38','meghna@pivotmkg.com | 2025-01-11 | -2.0000',3,'',26,1,'2026-04-01 15:03:10.231158');
INSERT INTO django_admin_log VALUES(170,'37','kumar@pivotmkg.com | 2025-01-11 | 2.0000',3,'',26,1,'2026-04-01 15:03:10.231168');
INSERT INTO django_admin_log VALUES(171,'36','disha@pivotmkg.com | 2025-01-04 | 2.0000',3,'',26,1,'2026-04-01 15:03:10.231177');
INSERT INTO django_admin_log VALUES(172,'35','esther@pivotmkg.com | 2025-01-04 | 2.0000',3,'',26,1,'2026-04-01 15:03:10.231187');
INSERT INTO django_admin_log VALUES(173,'34','meghna@pivotmkg.com | 2025-01-04 | 10.0000',3,'',26,1,'2026-04-01 15:03:10.231195');
INSERT INTO django_admin_log VALUES(174,'33','kumar@pivotmkg.com | 2025-01-04 | 1.0000',3,'',26,1,'2026-04-01 15:03:10.231204');
INSERT INTO django_admin_log VALUES(175,'32','disha@pivotmkg.com | 2024-12-28 | -1.0000',3,'',26,1,'2026-04-01 15:03:10.231213');
INSERT INTO django_admin_log VALUES(176,'31','esther@pivotmkg.com | 2024-12-28 | 5.0000',3,'',26,1,'2026-04-01 15:03:10.231221');
INSERT INTO django_admin_log VALUES(177,'30','meghna@pivotmkg.com | 2024-12-28 | 8.0000',3,'',26,1,'2026-04-01 15:03:10.231230');
INSERT INTO django_admin_log VALUES(178,'29','kumar@pivotmkg.com | 2024-12-28 | 1.0000',3,'',26,1,'2026-04-01 15:03:10.231266');
INSERT INTO django_admin_log VALUES(179,'28','disha@pivotmkg.com | 2024-12-21 | 1.0000',3,'',26,1,'2026-04-01 15:03:10.231317');
INSERT INTO django_admin_log VALUES(180,'27','esther@pivotmkg.com | 2024-12-21 | 7.0000',3,'',26,1,'2026-04-01 15:03:10.231339');
INSERT INTO django_admin_log VALUES(181,'26','meghna@pivotmkg.com | 2024-12-21 | 5.0000',3,'',26,1,'2026-04-01 15:03:10.231355');
INSERT INTO django_admin_log VALUES(182,'25','kumar@pivotmkg.com | 2024-12-21 | 3.0000',3,'',26,1,'2026-04-01 15:03:10.231373');
INSERT INTO django_admin_log VALUES(183,'24','disha@pivotmkg.com | 2024-12-14 | 11.0000',3,'',26,1,'2026-04-01 15:03:10.231416');
INSERT INTO django_admin_log VALUES(184,'23','esther@pivotmkg.com | 2024-12-14 | 20.0000',3,'',26,1,'2026-04-01 15:03:10.231473');
INSERT INTO django_admin_log VALUES(185,'22','meghna@pivotmkg.com | 2024-12-14 | 17.0000',3,'',26,1,'2026-04-01 15:03:10.231488');
INSERT INTO django_admin_log VALUES(186,'21','kumar@pivotmkg.com | 2024-12-14 | 7.0000',3,'',26,1,'2026-04-01 15:03:10.231497');
INSERT INTO django_admin_log VALUES(187,'20','disha@pivotmkg.com | 2024-12-07 | 5.0000',3,'',26,1,'2026-04-01 15:03:10.231528');
INSERT INTO django_admin_log VALUES(188,'19','esther@pivotmkg.com | 2024-12-07 | 13.0000',3,'',26,1,'2026-04-01 15:03:10.231545');
INSERT INTO django_admin_log VALUES(189,'18','meghna@pivotmkg.com | 2024-12-07 | 17.0000',3,'',26,1,'2026-04-01 15:03:10.231555');
INSERT INTO django_admin_log VALUES(190,'17','kumar@pivotmkg.com | 2024-12-07 | 10.0000',3,'',26,1,'2026-04-01 15:03:10.231565');
INSERT INTO django_admin_log VALUES(191,'16','disha@pivotmkg.com | 2024-11-30 | 10.0000',3,'',26,1,'2026-04-01 15:03:10.231574');
INSERT INTO django_admin_log VALUES(192,'15','esther@pivotmkg.com | 2024-11-30 | 14.0000',3,'',26,1,'2026-04-01 15:03:10.231583');
INSERT INTO django_admin_log VALUES(193,'14','meghna@pivotmkg.com | 2024-11-30 | 24.0000',3,'',26,1,'2026-04-01 15:03:10.231592');
INSERT INTO django_admin_log VALUES(194,'13','kumar@pivotmkg.com | 2024-11-30 | 40.0000',3,'',26,1,'2026-04-01 15:03:10.231601');
INSERT INTO django_admin_log VALUES(195,'12','disha@pivotmkg.com | 2024-11-23 | 12.0000',3,'',26,1,'2026-04-01 15:03:10.231610');
INSERT INTO django_admin_log VALUES(196,'11','esther@pivotmkg.com | 2024-11-23 | 17.0000',3,'',26,1,'2026-04-01 15:03:10.231618');
INSERT INTO django_admin_log VALUES(197,'10','meghna@pivotmkg.com | 2024-11-23 | 11.0000',3,'',26,1,'2026-04-01 15:03:10.231627');
INSERT INTO django_admin_log VALUES(198,'9','kumar@pivotmkg.com | 2024-11-23 | 9.0000',3,'',26,1,'2026-04-01 15:03:10.231636');
INSERT INTO django_admin_log VALUES(199,'8','disha@pivotmkg.com | 2024-11-16 | 5.5000',3,'',26,1,'2026-04-01 15:03:10.231645');
INSERT INTO django_admin_log VALUES(200,'7','esther@pivotmkg.com | 2024-11-16 | 9.5000',3,'',26,1,'2026-04-01 15:03:10.231653');
INSERT INTO django_admin_log VALUES(201,'6','meghna@pivotmkg.com | 2024-11-16 | 6.0000',3,'',26,1,'2026-04-01 15:03:10.231662');
INSERT INTO django_admin_log VALUES(202,'5','kumar@pivotmkg.com | 2024-11-16 | 3.0000',3,'',26,1,'2026-04-01 15:03:10.231670');
INSERT INTO django_admin_log VALUES(203,'4','disha@pivotmkg.com | 2024-11-09 | 7.0000',3,'',26,1,'2026-04-01 15:03:10.231680');
INSERT INTO django_admin_log VALUES(204,'3','esther@pivotmkg.com | 2024-11-09 | 2.0000',3,'',26,1,'2026-04-01 15:03:10.231688');
INSERT INTO django_admin_log VALUES(205,'2','meghna@pivotmkg.com | 2024-11-09 | 13.0000',3,'',26,1,'2026-04-01 15:03:10.231699');
INSERT INTO django_admin_log VALUES(206,'1','kumar@pivotmkg.com | 2024-11-09 | 4.0000',3,'',26,1,'2026-04-01 15:03:10.231708');
INSERT INTO django_admin_log VALUES(207,'1','kumar@pivotmkg.com | 2025-11-09 | 4.0000',1,'new through import_export',26,1,'2026-04-01 15:05:16.299167');
INSERT INTO django_admin_log VALUES(208,'2','meghna@pivotmkg.com | 2025-11-09 | 13.0000',1,'new through import_export',26,1,'2026-04-01 15:05:16.299207');
INSERT INTO django_admin_log VALUES(209,'3','esther@pivotmkg.com | 2025-11-09 | 2.0000',1,'new through import_export',26,1,'2026-04-01 15:05:16.299222');
INSERT INTO django_admin_log VALUES(210,'4','disha@pivotmkg.com | 2025-11-09 | 7.0000',1,'new through import_export',26,1,'2026-04-01 15:05:16.299233');
INSERT INTO django_admin_log VALUES(211,'5','kumar@pivotmkg.com | 2025-11-16 | 3.0000',1,'new through import_export',26,1,'2026-04-01 15:05:16.299243');
INSERT INTO django_admin_log VALUES(212,'6','meghna@pivotmkg.com | 2025-11-16 | 6.0000',1,'new through import_export',26,1,'2026-04-01 15:05:16.299253');
INSERT INTO django_admin_log VALUES(213,'7','esther@pivotmkg.com | 2025-11-16 | 9.5000',1,'new through import_export',26,1,'2026-04-01 15:05:16.299263');
INSERT INTO django_admin_log VALUES(214,'8','disha@pivotmkg.com | 2025-11-16 | 5.5000',1,'new through import_export',26,1,'2026-04-01 15:05:16.299272');
INSERT INTO django_admin_log VALUES(215,'9','kumar@pivotmkg.com | 2025-11-23 | 9.0000',1,'new through import_export',26,1,'2026-04-01 15:05:16.299282');
INSERT INTO django_admin_log VALUES(216,'10','meghna@pivotmkg.com | 2025-11-23 | 11.0000',1,'new through import_export',26,1,'2026-04-01 15:05:16.299291');
INSERT INTO django_admin_log VALUES(217,'11','esther@pivotmkg.com | 2025-11-23 | 17.0000',1,'new through import_export',26,1,'2026-04-01 15:05:16.299301');
INSERT INTO django_admin_log VALUES(218,'12','disha@pivotmkg.com | 2025-11-23 | 12.0000',1,'new through import_export',26,1,'2026-04-01 15:05:16.299310');
INSERT INTO django_admin_log VALUES(219,'13','kumar@pivotmkg.com | 2025-11-30 | 40.0000',1,'new through import_export',26,1,'2026-04-01 15:05:16.299320');
INSERT INTO django_admin_log VALUES(220,'14','meghna@pivotmkg.com | 2025-11-30 | 24.0000',1,'new through import_export',26,1,'2026-04-01 15:05:16.299330');
INSERT INTO django_admin_log VALUES(221,'15','esther@pivotmkg.com | 2025-11-30 | 14.0000',1,'new through import_export',26,1,'2026-04-01 15:05:16.299339');
INSERT INTO django_admin_log VALUES(222,'16','disha@pivotmkg.com | 2025-11-30 | 10.0000',1,'new through import_export',26,1,'2026-04-01 15:05:16.299347');
INSERT INTO django_admin_log VALUES(223,'17','kumar@pivotmkg.com | 2025-12-07 | 10.0000',1,'new through import_export',26,1,'2026-04-01 15:05:16.299356');
INSERT INTO django_admin_log VALUES(224,'18','meghna@pivotmkg.com | 2025-12-07 | 17.0000',1,'new through import_export',26,1,'2026-04-01 15:05:16.299364');
INSERT INTO django_admin_log VALUES(225,'19','esther@pivotmkg.com | 2025-12-07 | 13.0000',1,'new through import_export',26,1,'2026-04-01 15:05:16.299373');
INSERT INTO django_admin_log VALUES(226,'20','disha@pivotmkg.com | 2025-12-07 | 5.0000',1,'new through import_export',26,1,'2026-04-01 15:05:16.299381');
INSERT INTO django_admin_log VALUES(227,'21','kumar@pivotmkg.com | 2025-12-14 | 7.0000',1,'new through import_export',26,1,'2026-04-01 15:05:16.299390');
INSERT INTO django_admin_log VALUES(228,'22','meghna@pivotmkg.com | 2025-12-14 | 17.0000',1,'new through import_export',26,1,'2026-04-01 15:05:16.299399');
INSERT INTO django_admin_log VALUES(229,'23','esther@pivotmkg.com | 2025-12-14 | 20.0000',1,'new through import_export',26,1,'2026-04-01 15:05:16.299408');
INSERT INTO django_admin_log VALUES(230,'24','disha@pivotmkg.com | 2025-12-14 | 11.0000',1,'new through import_export',26,1,'2026-04-01 15:05:16.299417');
INSERT INTO django_admin_log VALUES(231,'25','kumar@pivotmkg.com | 2025-12-21 | 3.0000',1,'new through import_export',26,1,'2026-04-01 15:05:16.299426');
INSERT INTO django_admin_log VALUES(232,'26','meghna@pivotmkg.com | 2025-12-21 | 5.0000',1,'new through import_export',26,1,'2026-04-01 15:05:16.299434');
INSERT INTO django_admin_log VALUES(233,'27','esther@pivotmkg.com | 2025-12-21 | 7.0000',1,'new through import_export',26,1,'2026-04-01 15:05:16.299444');
INSERT INTO django_admin_log VALUES(234,'28','disha@pivotmkg.com | 2025-12-21 | 1.0000',1,'new through import_export',26,1,'2026-04-01 15:05:16.299452');
INSERT INTO django_admin_log VALUES(235,'29','kumar@pivotmkg.com | 2025-12-28 | 1.0000',1,'new through import_export',26,1,'2026-04-01 15:05:16.299461');
INSERT INTO django_admin_log VALUES(236,'30','meghna@pivotmkg.com | 2025-12-28 | 8.0000',1,'new through import_export',26,1,'2026-04-01 15:05:16.299475');
INSERT INTO django_admin_log VALUES(237,'31','esther@pivotmkg.com | 2025-12-28 | 5.0000',1,'new through import_export',26,1,'2026-04-01 15:05:16.299507');
INSERT INTO django_admin_log VALUES(238,'32','disha@pivotmkg.com | 2025-12-28 | -1.0000',1,'new through import_export',26,1,'2026-04-01 15:05:16.299531');
INSERT INTO django_admin_log VALUES(239,'33','kumar@pivotmkg.com | 2025-01-04 | 1.0000',1,'new through import_export',26,1,'2026-04-01 15:05:16.299543');
INSERT INTO django_admin_log VALUES(240,'34','meghna@pivotmkg.com | 2025-01-04 | 10.0000',1,'new through import_export',26,1,'2026-04-01 15:05:16.299553');
INSERT INTO django_admin_log VALUES(241,'35','esther@pivotmkg.com | 2025-01-04 | 2.0000',1,'new through import_export',26,1,'2026-04-01 15:05:16.299563');
INSERT INTO django_admin_log VALUES(242,'36','disha@pivotmkg.com | 2025-01-04 | 2.0000',1,'new through import_export',26,1,'2026-04-01 15:05:16.299571');
INSERT INTO django_admin_log VALUES(243,'37','kumar@pivotmkg.com | 2025-01-11 | 2.0000',1,'new through import_export',26,1,'2026-04-01 15:05:16.299580');
INSERT INTO django_admin_log VALUES(244,'38','meghna@pivotmkg.com | 2025-01-11 | -2.0000',1,'new through import_export',26,1,'2026-04-01 15:05:16.299589');
INSERT INTO django_admin_log VALUES(245,'39','esther@pivotmkg.com | 2025-01-11 | 2.0000',1,'new through import_export',26,1,'2026-04-01 15:05:16.299598');
INSERT INTO django_admin_log VALUES(246,'40','kumar@pivotmkg.com | 2025-01-18 | 2.0000',1,'new through import_export',26,1,'2026-04-01 15:05:16.299607');
INSERT INTO django_admin_log VALUES(247,'41','meghna@pivotmkg.com | 2025-01-18 | 2.0000',1,'new through import_export',26,1,'2026-04-01 15:05:16.299615');
INSERT INTO django_admin_log VALUES(248,'42','esther@pivotmkg.com | 2025-01-18 | 2.0000',1,'new through import_export',26,1,'2026-04-01 15:05:16.299624');
INSERT INTO django_admin_log VALUES(249,'43','disha@pivotmkg.com | 2025-01-18 | 2.0000',1,'new through import_export',26,1,'2026-04-01 15:05:16.299633');
INSERT INTO django_admin_log VALUES(250,'44','kumar@pivotmkg.com | 2025-01-25 | 15.0000',1,'new through import_export',26,1,'2026-04-01 15:05:16.299642');
INSERT INTO django_admin_log VALUES(251,'45','meghna@pivotmkg.com | 2025-01-25 | 33.5000',1,'new through import_export',26,1,'2026-04-01 15:05:16.299651');
INSERT INTO django_admin_log VALUES(252,'46','esther@pivotmkg.com | 2025-01-25 | 18.0000',1,'new through import_export',26,1,'2026-04-01 15:05:16.299660');
INSERT INTO django_admin_log VALUES(253,'47','disha@pivotmkg.com | 2025-01-25 | 14.0000',1,'new through import_export',26,1,'2026-04-01 15:05:16.299669');
INSERT INTO django_admin_log VALUES(254,'8','designer',1,'[{"added": {}}]',21,1,'2026-04-08 07:20:20.637408');
INSERT INTO django_admin_log VALUES(255,'26','designer -> aditya@pivotmkg.com',1,'[{"added": {}}]',22,1,'2026-04-08 07:20:32.882852');
INSERT INTO django_admin_log VALUES(256,'27','designer -> siddesh@pivotmkg.com',1,'[{"added": {}}]',22,1,'2026-04-08 07:21:08.325390');
INSERT INTO django_admin_log VALUES(257,'26','designer -> aditya@pivotmkg.com',3,'',22,1,'2026-04-08 07:21:32.382535');
INSERT INTO django_admin_log VALUES(258,'27','designer -> siddesh@pivotmkg.com',3,'',22,1,'2026-04-08 07:21:32.382550');
CREATE TABLE IF NOT EXISTS "api_brand" ("id" integer NOT NULL PRIMARY KEY AUTOINCREMENT, "name" varchar(255) NOT NULL UNIQUE);
CREATE TABLE IF NOT EXISTS "authtoken_token" ("key" varchar(40) NOT NULL PRIMARY KEY, "created" datetime NOT NULL, "user_id" bigint NOT NULL UNIQUE REFERENCES "users_customuser" ("id") DEFERRABLE INITIALLY DEFERRED);
INSERT INTO authtoken_token VALUES('2cb538baf351e68e56344714ab417cfeeefb11e7','2026-03-31 05:08:19.039622',5);
INSERT INTO authtoken_token VALUES('c7812eff3f5c106fc4e2627569a412c8adf9d8d8','2026-04-01 06:09:04.992595',1);
CREATE TABLE IF NOT EXISTS "django_session" ("session_key" varchar(40) NOT NULL PRIMARY KEY, "session_data" text NOT NULL, "expire_date" datetime NOT NULL);
INSERT INTO django_session VALUES('wbm2l4gbtzxnqg660ywzpeislha96e5a','.eJxVjDsOwjAQRO_iGlnxdzElPWew7OwuDiBbipMKcXcSKQVUI817M28R07qUuHaa44TiIpQ4_XY5jU-qO8BHqvcmx1aXecpyV-RBu7w1pNf1cP8OSuplW1N2io3SRpmATjsKGoi3ZB5Ae4-ez2ACAxOQ05ZgoGSVNd7lgIbE5wvTSzeP:1w4w9r:41tPWnTeBjWhSCZ2rGv3gEhWTfsi4zYoNfrWsaxQjak','2026-04-07 07:26:35.182202');
INSERT INTO django_session VALUES('021e009mdx8mbacg3flu8ow8rg39da75','.eJxVjDsOwjAQRO_iGlnxdzElPWew7OwuDiBbipMKcXcSKQVUI817M28R07qUuHaa44TiIpQ4_XY5jU-qO8BHqvcmx1aXecpyV-RBu7w1pNf1cP8OSuplW1N2io3SRpmATjsKGoi3ZB5Ae4-ez2ACAxOQ05ZgoGSVNd7lgIbE5wvTSzeP:1w5kA2:KNHEs-GIP7PFVlPLzO4AQghv2PDGZfURufDJs0bASBI','2026-04-09 12:50:06.640280');
INSERT INTO django_session VALUES('tpnwifx19v21zu44admyv6i8528izkro','.eJxVjDsOwjAQRO_iGlnxdzElPWew7OwuDiBbipMKcXcSKQVUI817M28R07qUuHaa44TiIpQ4_XY5jU-qO8BHqvcmx1aXecpyV-RBu7w1pNf1cP8OSuplW1N2io3SRpmATjsKGoi3ZB5Ae4-ez2ACAxOQ05ZgoGSVNd7lgIbE5wvTSzeP:1w77Kr:qM6qgutb5nryntlIgr67nmDEXoCgmrAYJC_JxR1qGlc','2026-04-13 07:46:57.396049');
INSERT INTO django_session VALUES('atbwfnouljvx33nthi0ti6rq30dylbed','.eJxVjDsOwjAQRO_iGlnxdzElPWew7OwuDiBbipMKcXcSKQVUI817M28R07qUuHaa44TiIpQ4_XY5jU-qO8BHqvcmx1aXecpyV-RBu7w1pNf1cP8OSuplW1N2io3SRpmATjsKGoi3ZB5Ae4-ez2ACAxOQ05ZgoGSVNd7lgIbE5wvTSzeP:1w7Da0:LscK2P_h5x-XnZnXuWY6gxn1lIED2mVkXt6_rwlIIfU','2026-04-13 14:27:00.100206');
INSERT INTO django_session VALUES('pcgbmy95ysvuvfhatrqm4d113m227ful','.eJxVjDsOwjAQRO_iGlnxdzElPWew7OwuDiBbipMKcXcSKQVUI817M28R07qUuHaa44TiIpQ4_XY5jU-qO8BHqvcmx1aXecpyV-RBu7w1pNf1cP8OSuplW1N2io3SRpmATjsKGoi3ZB5Ae4-ez2ACAxOQ05ZgoGSVNd7lgIbE5wvTSzeP:1wALuq:jN1PMlYwZEXmQ-pQL4mRcpxkZM0NQp7H9ATGAnv-U8U','2026-04-22 05:57:28.224525');
CREATE TABLE IF NOT EXISTS "users_customuser" ("id" integer NOT NULL PRIMARY KEY AUTOINCREMENT, "password" varchar(128) NOT NULL, "last_login" datetime NULL, "is_superuser" bool NOT NULL, "first_name" varchar(150) NOT NULL, "last_name" varchar(150) NOT NULL, "is_staff" bool NOT NULL, "is_active" bool NOT NULL, "date_joined" datetime NOT NULL, "email" varchar(254) NOT NULL UNIQUE, "role" varchar(30) NOT NULL);
INSERT INTO users_customuser VALUES(1,'pbkdf2_sha256$1200000$XnMOnbwMzPfHvlFXptc1fx$yFMQvtQh/RZPXPklqGhDzG9Hnk7Uu8UW0WW6CbmvvpQ=','2026-04-08 05:57:28.223806',1,'harsh','vishwakarma',1,1,'2026-03-23 08:17:15','harsh@pivotmkg.com','superuser');
INSERT INTO users_customuser VALUES(3,'pbkdf2_sha256$1200000$d1c1ChFTL1il2TXIW9BJ5r$53jmPtNwFPvHOY8fxPfaFWckxov+UBtdB+lkNrShgX0=',NULL,0,'','',0,1,'2026-03-23 09:24:45.608185','dhruv@pivotmkg.com','account_planner');
INSERT INTO users_customuser VALUES(4,'pbkdf2_sha256$1200000$5bSXjAFzHywEscYDfCRJWC$EDRDoiKCR0rBwQCc/ouu1YEZX1OPJZIBBKkDEzrrR84=',NULL,0,'Siddhesh','patil',0,1,'2026-03-23 09:25:07.416775','siddesh@pivotmkg.com','account_planner');
INSERT INTO users_customuser VALUES(5,'pbkdf2_sha256$1200000$QwrnfuWlZZxHDF6YvqWMGJ$tliGVi1JPjRykzwDZqabw+Cre+wlg+4K2hf2KkcORa8=',NULL,0,'Aditya','',0,1,'2026-03-23 09:25:22.741579','aditya@pivotmkg.com','art_director');
INSERT INTO users_customuser VALUES(20,'pbkdf2_sha256$1200000$fY0kAfvsx5Wx7UGxvEIaGg$OSeCwCOYEFqE/zU2W+M1HYPDUn5Lb3t72aiaFiS7WLQ=',NULL,0,'kumar','shetty',0,1,'2026-04-08 06:07:15.230825','kumar@pivotmkg.com','designer');
CREATE TABLE IF NOT EXISTS "api_clientowner" ("id" integer NOT NULL PRIMARY KEY AUTOINCREMENT, "created_at" datetime NOT NULL, "client_id" bigint NOT NULL REFERENCES "api_client" ("id") DEFERRABLE INITIALLY DEFERRED, "user_id" bigint NOT NULL REFERENCES "users_customuser" ("id") DEFERRABLE INITIALLY DEFERRED, CONSTRAINT "uniq_client_owner_user_client" UNIQUE ("user_id", "client_id"));
INSERT INTO api_clientowner VALUES(16,'2026-03-30 15:29:49.609066',14,4);
INSERT INTO api_clientowner VALUES(17,'2026-03-30 15:36:38.137603',15,4);
INSERT INTO api_clientowner VALUES(18,'2026-03-31 04:59:21.323810',16,4);
INSERT INTO api_clientowner VALUES(19,'2026-03-31 05:03:22.364354',17,4);
CREATE TABLE IF NOT EXISTS "api_client" ("id" integer NOT NULL PRIMARY KEY AUTOINCREMENT, "name" varchar(255) NOT NULL, "client_interface" varchar(255) NOT NULL, "created_at" datetime NOT NULL, "updated_at" datetime NOT NULL, "client_interface_contact_number" varchar(20) NOT NULL, "logo" varchar(100) NULL, "accent_color" varchar(7) NOT NULL);
INSERT INTO api_client VALUES(14,'WPS','robin','2026-03-30 15:29:49.607025','2026-03-30 15:29:56.047657','+91 9876543210','','#103994');
INSERT INTO api_client VALUES(15,'ABLBL','robin','2026-03-30 15:36:38.136811','2026-03-30 15:36:38.136826','+91 9876543210','','#111827');
INSERT INTO api_client VALUES(16,'Truboard CleanTech','robin','2026-03-31 04:59:21.321240','2026-03-31 04:59:21.321266','+91-9900033333','','#111827');
INSERT INTO api_client VALUES(17,'Selkie','robin','2026-03-31 05:03:22.362660','2026-03-31 05:03:22.362682','+91-9900033333','','#111827');
CREATE TABLE IF NOT EXISTS "api_servicecategory" ("id" integer NOT NULL PRIMARY KEY AUTOINCREMENT, "name" varchar(255) NOT NULL UNIQUE, "description" text NOT NULL);
INSERT INTO api_servicecategory VALUES(18,'Social Media & Marketing','');
CREATE TABLE IF NOT EXISTS "api_negativeremarkontask" ("id" integer NOT NULL PRIMARY KEY AUTOINCREMENT, "created_at" datetime NOT NULL, "updated_at" datetime NOT NULL, "negative_remark_id" bigint NOT NULL REFERENCES "api_negativeremark" ("id") DEFERRABLE INITIALLY DEFERRED, "task_id" bigint NOT NULL REFERENCES "api_task" ("id") DEFERRABLE INITIALLY DEFERRED, CONSTRAINT "uniq_negative_remark_on_task" UNIQUE ("task_id", "negative_remark_id"));
CREATE TABLE IF NOT EXISTS "api_negativeremark" ("id" integer NOT NULL PRIMARY KEY AUTOINCREMENT, "remark_name" varchar(255) NOT NULL, "description" text NOT NULL, "point" decimal NOT NULL, "created_at" datetime NOT NULL, "updated_at" datetime NOT NULL);
CREATE TABLE IF NOT EXISTS "api_taskattachment" ("id" integer NOT NULL PRIMARY KEY AUTOINCREMENT, "file" varchar(100) NOT NULL, "created_at" datetime NOT NULL, "updated_at" datetime NOT NULL, "task_id" bigint NOT NULL REFERENCES "api_task" ("id") DEFERRABLE INITIALLY DEFERRED);
CREATE TABLE IF NOT EXISTS "api_clientattachment" ("id" integer NOT NULL PRIMARY KEY AUTOINCREMENT, "file" varchar(100) NOT NULL, "created_at" datetime NOT NULL, "updated_at" datetime NOT NULL, "client_id" bigint NOT NULL REFERENCES "api_client" ("id") DEFERRABLE INITIALLY DEFERRED);
CREATE TABLE IF NOT EXISTS "api_scopeofwork_type_of_work" ("id" integer NOT NULL PRIMARY KEY AUTOINCREMENT, "scopeofwork_id" bigint NOT NULL REFERENCES "api_scopeofwork" ("id") DEFERRABLE INITIALLY DEFERRED, "typeofwork_id" bigint NOT NULL REFERENCES "api_typeofwork" ("id") DEFERRABLE INITIALLY DEFERRED);
INSERT INTO api_scopeofwork_type_of_work VALUES(43,17,34);
INSERT INTO api_scopeofwork_type_of_work VALUES(44,17,35);
INSERT INTO api_scopeofwork_type_of_work VALUES(45,17,36);
INSERT INTO api_scopeofwork_type_of_work VALUES(46,18,34);
INSERT INTO api_scopeofwork_type_of_work VALUES(47,18,35);
INSERT INTO api_scopeofwork_type_of_work VALUES(48,18,36);
INSERT INTO api_scopeofwork_type_of_work VALUES(49,18,37);
INSERT INTO api_scopeofwork_type_of_work VALUES(50,19,34);
INSERT INTO api_scopeofwork_type_of_work VALUES(51,19,35);
INSERT INTO api_scopeofwork_type_of_work VALUES(52,19,36);
INSERT INTO api_scopeofwork_type_of_work VALUES(53,20,34);
INSERT INTO api_scopeofwork_type_of_work VALUES(54,20,35);
INSERT INTO api_scopeofwork_type_of_work VALUES(55,20,36);
INSERT INTO api_scopeofwork_type_of_work VALUES(56,20,38);
INSERT INTO api_scopeofwork_type_of_work VALUES(57,20,39);
CREATE TABLE IF NOT EXISTS "users_employee" ("id" integer NOT NULL PRIMARY KEY AUTOINCREMENT, "designation" varchar(255) NOT NULL, "salary" decimal NOT NULL, "created_at" datetime NOT NULL, "updated_at" datetime NOT NULL, "user_id" bigint NOT NULL UNIQUE REFERENCES "users_customuser" ("id") DEFERRABLE INITIALLY DEFERRED);
INSERT INTO users_employee VALUES(1,'Web Developer',35000,'2026-03-23 08:18:30.014650','2026-03-23 08:18:30.014659',1);
INSERT INTO users_employee VALUES(6,'Designer',90000,'2026-03-24 18:46:36.427427','2026-03-24 18:46:36.427442',5);
CREATE TABLE IF NOT EXISTS "api_scopeofwork" ("id" integer NOT NULL PRIMARY KEY AUTOINCREMENT, "description" text NOT NULL, "created_at" datetime NOT NULL, "updated_at" datetime NOT NULL, "client_id" bigint NOT NULL REFERENCES "api_client" ("id") DEFERRABLE INITIALLY DEFERRED, "deliverable_name" varchar(150) NOT NULL, "total_unit" integer unsigned NOT NULL CHECK ("total_unit" >= 0), "service_category_id" bigint NOT NULL REFERENCES "api_servicecategory" ("id") DEFERRABLE INITIALLY DEFERRED, CONSTRAINT "uniq_scope_of_work_client_service_category" UNIQUE ("client_id", "service_category_id"));
INSERT INTO api_scopeofwork VALUES(17,'','2026-03-30 15:31:59.599083','2026-03-30 15:31:59.599095',14,'Static Post, Brochure, LinkedIn Carousel Post',12,18);
INSERT INTO api_scopeofwork VALUES(18,'','2026-03-30 15:37:00.947353','2026-03-30 15:37:00.947373',15,'Brochure, LinkedIn Carousel Post, Static Post, Pitch Deck',12,18);
INSERT INTO api_scopeofwork VALUES(19,'','2026-03-31 04:59:34.726436','2026-03-31 04:59:34.726473',16,'Brochure, LinkedIn Carousel Post, Static Post',12,18);
INSERT INTO api_scopeofwork VALUES(20,'','2026-03-31 05:03:42.911460','2026-03-31 05:03:42.911496',17,'Brochure, LinkedIn Carousel Post, Static Post, Website Video Illustration, Reel',12,18);
CREATE TABLE IF NOT EXISTS "api_group" ("id" integer NOT NULL PRIMARY KEY AUTOINCREMENT, "name" varchar(255) NOT NULL UNIQUE, "created_at" datetime NOT NULL, "updated_at" datetime NOT NULL);
INSERT INTO api_group VALUES(8,'designer','2026-04-08 07:20:20.636332','2026-04-08 07:20:20.636341');
CREATE TABLE IF NOT EXISTS "api_groupmember" ("id" integer NOT NULL PRIMARY KEY AUTOINCREMENT, "created_at" datetime NOT NULL, "group_id" bigint NOT NULL REFERENCES "api_group" ("id") DEFERRABLE INITIALLY DEFERRED, "user_id" bigint NOT NULL REFERENCES "users_customuser" ("id") DEFERRABLE INITIALLY DEFERRED, CONSTRAINT "uniq_group_member_group_user" UNIQUE ("group_id", "user_id"));
INSERT INTO api_groupmember VALUES(32,'2026-04-08 07:59:58.804030',8,5);
INSERT INTO api_groupmember VALUES(34,'2026-04-08 08:00:05.769769',8,1);
CREATE TABLE IF NOT EXISTS "api_typeofwork" ("id" integer NOT NULL PRIMARY KEY AUTOINCREMENT, "work_type_name" varchar(255) NOT NULL UNIQUE, "point" real NOT NULL, "major_changes_point" real NOT NULL, "minor_changes_point" real NOT NULL, "redo_point" real NOT NULL);
INSERT INTO api_typeofwork VALUES(34,'Static Post',1.0,0.5,0.25,1.0);
INSERT INTO api_typeofwork VALUES(35,'Brochure',1.0,0.5,0.25,1.0);
INSERT INTO api_typeofwork VALUES(36,'LinkedIn Carousel Post',0.5,0.5,0.25,1.0);
INSERT INTO api_typeofwork VALUES(37,'Pitch Deck',1.0,0.5,0.25,1.0);
INSERT INTO api_typeofwork VALUES(38,'Website Video Illustration',5.0,0.5,0.25,1.0);
INSERT INTO api_typeofwork VALUES(39,'Reel',2.0,0.5,0.25,1.0);
CREATE TABLE IF NOT EXISTS "api_clientmonthlyamount" ("id" integer NOT NULL PRIMARY KEY AUTOINCREMENT, "date" date NOT NULL, "amt" decimal NOT NULL, "created_at" datetime NOT NULL, "updated_at" datetime NOT NULL, "client_id" bigint NOT NULL REFERENCES "api_client" ("id") DEFERRABLE INITIALLY DEFERRED);
INSERT INTO api_clientmonthlyamount VALUES(40,'2026-01-01',65000,'2026-04-08 07:01:24.808142','2026-04-08 09:28:36.162311',15);
INSERT INTO api_clientmonthlyamount VALUES(41,'2026-02-01',65000,'2026-04-08 07:01:24.808719','2026-04-08 09:28:36.170634',15);
INSERT INTO api_clientmonthlyamount VALUES(42,'2026-03-01',65000,'2026-04-08 07:01:24.808831','2026-04-08 09:28:36.145682',15);
INSERT INTO api_clientmonthlyamount VALUES(43,'2026-04-01',65000,'2026-04-08 07:01:24.808915','2026-04-08 09:28:36.151252',15);
CREATE TABLE IF NOT EXISTS "api_taskstage" ("id" integer NOT NULL PRIMARY KEY AUTOINCREMENT, "name" varchar(255) NOT NULL UNIQUE, "created_at" datetime NOT NULL, "updated_at" datetime NOT NULL);
CREATE TABLE IF NOT EXISTS "api_taskonstage" ("id" integer NOT NULL PRIMARY KEY AUTOINCREMENT, "created_at" datetime NOT NULL, "updated_at" datetime NOT NULL, "task_id" bigint NOT NULL REFERENCES "api_task" ("id") DEFERRABLE INITIALLY DEFERRED, "task_stage_id" bigint NOT NULL REFERENCES "api_taskstage" ("id") DEFERRABLE INITIALLY DEFERRED, CONSTRAINT "uniq_task_on_stage_task" UNIQUE ("task_id"));
CREATE TABLE IF NOT EXISTS "api_task" ("id" integer NOT NULL PRIMARY KEY AUTOINCREMENT, "task_name" varchar(255) NOT NULL, "instructions" text NOT NULL, "revision_count" integer unsigned NOT NULL CHECK ("revision_count" >= 0), "created_at" datetime NOT NULL, "updated_at" datetime NOT NULL, "designer_id" bigint NULL REFERENCES "users_customuser" ("id") DEFERRABLE INITIALLY DEFERRED, "revision_no" integer unsigned NULL CHECK ("revision_no" >= 0), "client_id" bigint NULL REFERENCES "api_client" ("id") DEFERRABLE INITIALLY DEFERRED, "target_date" date NULL, "priority" varchar(10) NOT NULL, "redo_count" integer unsigned NOT NULL CHECK ("redo_count" >= 0), "redo_no" integer unsigned NULL CHECK ("redo_no" >= 0), "type_of_work_id" bigint NULL REFERENCES "api_typeofwork" ("id") DEFERRABLE INITIALLY DEFERRED, "InstructionsByArtDirector" text NULL, "created_by_id" bigint NULL REFERENCES "users_customuser" ("id") DEFERRABLE INITIALLY DEFERRED, "excellence" decimal NULL, "scope_of_work_id" bigint NULL REFERENCES "api_scopeofwork" ("id") DEFERRABLE INITIALLY DEFERRED, "revision_type" varchar(10) NOT NULL, "have_major_changes" bool NOT NULL, "have_minor_changes" bool NOT NULL, "slides" integer unsigned NOT NULL CHECK ("slides" >= 0), "excellence_reason" text NULL, "stage" varchar(64) NOT NULL, "ctr" decimal NULL, "impressions" integer unsigned NULL CHECK ("impressions" >= 0), "promotion_type" varchar(16) NOT NULL, "engagement_rate" decimal NULL, "platform" varchar(32) NOT NULL, "revision_of_id" bigint NULL REFERENCES "api_task" ("id") DEFERRABLE INITIALLY DEFERRED, "redo_of_id" bigint NULL REFERENCES "api_task" ("id") DEFERRABLE INITIALLY DEFERRED);
INSERT INTO api_task VALUES(38,'WPS Intel Brochure - 12 Pages','WPS Intel Brochure - 12 Pages',0,'2026-03-31 04:58:33.618684','2026-03-31 05:09:06.147061',NULL,NULL,14,'2026-03-31','medium',0,NULL,35,'',4,NULL,17,'',0,0,12,'','approved',NULL,NULL,'organic',NULL,'',NULL,NULL);
INSERT INTO api_task VALUES(39,'WPS LinkedIn Static Post 1','WPS LinkedIn Static Post 1',0,'2026-03-31 04:58:51.828845','2026-03-31 05:09:16.407743',NULL,NULL,14,'2026-03-31','medium',0,NULL,34,'',4,NULL,17,'',0,0,1,'','approved',NULL,NULL,'organic',NULL,'',NULL,NULL);
INSERT INTO api_task VALUES(40,'Truboard CleanTech Website Video Illustration',unistr('In a world that moves faster each day, people often forget the quiet beauty of small moments. A cup of tea in the early morning, the sound of distant traffic blending with birdsong, or the glow of a screen lighting up a dark room—these are the unnoticed details that shape our everyday lives. We chase big goals, ambitious careers, and grand visions, but life itself is stitched together from these tiny, almost invisible threads.\u000a\u000aTechnology has become a constant companion in this journey. From the moment we wake up to the moment we fall asleep, we interact with devices that simplify, accelerate, and sometimes complicate our routines. A simple notification can change our mood, while a single message can reconnect us with someone miles away. Yet, despite this constant connectivity, there is a growing need for stillness—a pause in the endless scroll.\u000a\u000aCreativity thrives in such pauses. When the mind is not overwhelmed with information, it begins to wander, to imagine, to build connections between seemingly unrelated ideas. This is where innovation is born—not in chaos, but in calm. Whether it’s writing, coding, designing, or simply thinking, the best ideas often emerge when we allow ourselves the space to breathe.\u000a\u000aAt the same time, the digital world offers endless opportunities. Anyone with a laptop and an internet connection can build something meaningful—a product, a platform, a story. The barriers to entry have never been lower, but the competition has never been higher. Standing out requires not just skill, but clarity of thought and purpose. It’s not about doing everything; it’s about doing the right things consistently.\u000a\u000aBalance, therefore, becomes essential. Balancing speed with reflection, ambition with patience, and connection with solitude. It’s easy to get lost in the noise, to measure progress by external metrics, and to forget why we started in the first place. But those who succeed in the long run are often those who remain grounded, who understand that growth is a process, not a moment.\u000a\u000aIn the end, life is less about reaching a final destination and more about how we move through each day. The choices we make, the habits we build, and the mindset we carry define our path. And sometimes, the most powerful thing we can do is simply slow down, observe, and appreciate the journey as it unfolds.'),0,'2026-03-31 05:00:10.161780','2026-04-08 09:19:17.255534',20,NULL,16,'2026-03-31','medium',0,NULL,38,NULL,4,NULL,19,'',0,0,1,NULL,'approved',NULL,NULL,'organic',NULL,'',NULL,NULL);
INSERT INTO api_task VALUES(41,'ABLBL - Brochure - 12','ABLBL - Brochure - 12',0,'2026-03-31 05:01:55.140269','2026-03-31 05:09:25.329576',NULL,NULL,15,'2026-03-31','medium',0,NULL,35,'',4,NULL,18,'',0,0,12,'','approved',NULL,NULL,'organic',NULL,'',NULL,NULL);
INSERT INTO api_task VALUES(42,'ABLBL - Pitch Dech - 9 Slides','ABLBL - Pitch Dech - 9 Slides',0,'2026-03-31 05:02:30.817091','2026-03-31 05:09:34.057020',NULL,NULL,15,'2026-03-31','medium',0,NULL,37,'',4,NULL,18,'',0,0,9,'','approved',NULL,NULL,'organic',NULL,'',NULL,NULL);
INSERT INTO api_task VALUES(43,'Selkie''s Instagram Reel','Selkie''s Instagram Reel',0,'2026-03-31 05:04:17.954194','2026-03-31 05:09:55.439004',NULL,NULL,17,'2026-03-31','medium',0,NULL,39,'',4,NULL,20,'',0,0,1,'','approved',NULL,NULL,'organic',NULL,'',NULL,NULL);
INSERT INTO api_task VALUES(44,'Selkie''s Instagram Carsoual Post - 3 Slides','',0,'2026-03-31 05:04:41.482909','2026-03-31 05:10:16.963873',NULL,NULL,17,'2026-03-31','high',0,NULL,34,'',4,NULL,20,'',0,0,3,'','approved',NULL,NULL,'organic',NULL,'',NULL,NULL);
INSERT INTO api_task VALUES(45,'WPS - Insight Brochure - 14 Pages','WPS - Insight Brochure - 14 Pages',0,'2026-03-31 05:04:59.771938','2026-03-31 05:10:07.728079',NULL,NULL,14,'2026-03-31','medium',0,NULL,35,'',4,NULL,17,'',0,0,14,'','approved',NULL,NULL,'organic',NULL,'',NULL,NULL);
CREATE TABLE IF NOT EXISTS "api_additionalpoints" ("id" integer NOT NULL PRIMARY KEY AUTOINCREMENT, "points" decimal NOT NULL, "date" date NOT NULL, "created_at" datetime NOT NULL, "updated_at" datetime NOT NULL, "user_id" bigint NOT NULL REFERENCES "users_customuser" ("id") DEFERRABLE INITIALLY DEFERRED);
INSERT INTO sqlite_sequence VALUES('django_migrations',105);
INSERT INTO sqlite_sequence VALUES('django_content_type',26);
INSERT INTO sqlite_sequence VALUES('auth_permission',104);
INSERT INTO sqlite_sequence VALUES('auth_group',0);
INSERT INTO sqlite_sequence VALUES('django_admin_log',258);
INSERT INTO sqlite_sequence VALUES('users_customuser',20);
INSERT INTO sqlite_sequence VALUES('api_brand',10);
INSERT INTO sqlite_sequence VALUES('api_clientowner',19);
INSERT INTO sqlite_sequence VALUES('api_client',18);
INSERT INTO sqlite_sequence VALUES('api_servicecategory',18);
INSERT INTO sqlite_sequence VALUES('api_negativeremarkontask',14);
INSERT INTO sqlite_sequence VALUES('api_negativeremark',11);
INSERT INTO sqlite_sequence VALUES('api_clientattachment',10);
INSERT INTO sqlite_sequence VALUES('api_scopeofwork_type_of_work',57);
INSERT INTO sqlite_sequence VALUES('users_employee',15);
INSERT INTO sqlite_sequence VALUES('api_scopeofwork',20);
INSERT INTO sqlite_sequence VALUES('api_taskattachment',13);
INSERT INTO sqlite_sequence VALUES('api_group',8);
INSERT INTO sqlite_sequence VALUES('api_groupmember',34);
INSERT INTO sqlite_sequence VALUES('api_typeofwork',39);
INSERT INTO sqlite_sequence VALUES('api_clientmonthlyamount',43);
INSERT INTO sqlite_sequence VALUES('api_taskstage',14);
INSERT INTO sqlite_sequence VALUES('api_taskonstage',17);
INSERT INTO sqlite_sequence VALUES('api_task',45);
INSERT INTO sqlite_sequence VALUES('api_additionalpoints',47);
CREATE UNIQUE INDEX "django_content_type_app_label_model_76bd3d3b_uniq" ON "django_content_type" ("app_label", "model");
CREATE UNIQUE INDEX "auth_group_permissions_group_id_permission_id_0cd325b0_uniq" ON "auth_group_permissions" ("group_id", "permission_id");
CREATE INDEX "auth_group_permissions_group_id_b120cbf9" ON "auth_group_permissions" ("group_id");
CREATE INDEX "auth_group_permissions_permission_id_84c5c92e" ON "auth_group_permissions" ("permission_id");
CREATE UNIQUE INDEX "auth_permission_content_type_id_codename_01ab375a_uniq" ON "auth_permission" ("content_type_id", "codename");
CREATE INDEX "auth_permission_content_type_id_2f476e4b" ON "auth_permission" ("content_type_id");
CREATE UNIQUE INDEX "users_customuser_groups_customuser_id_group_id_76b619e3_uniq" ON "users_customuser_groups" ("customuser_id", "group_id");
CREATE INDEX "users_customuser_groups_customuser_id_958147bf" ON "users_customuser_groups" ("customuser_id");
CREATE INDEX "users_customuser_groups_group_id_01390b14" ON "users_customuser_groups" ("group_id");
CREATE UNIQUE INDEX "users_customuser_user_permissions_customuser_id_permission_id_7a7debf6_uniq" ON "users_customuser_user_permissions" ("customuser_id", "permission_id");
CREATE INDEX "users_customuser_user_permissions_customuser_id_5771478b" ON "users_customuser_user_permissions" ("customuser_id");
CREATE INDEX "users_customuser_user_permissions_permission_id_baaa2f74" ON "users_customuser_user_permissions" ("permission_id");
CREATE INDEX "django_admin_log_content_type_id_c4bce8eb" ON "django_admin_log" ("content_type_id");
CREATE INDEX "django_admin_log_user_id_c564eba6" ON "django_admin_log" ("user_id");
CREATE INDEX "api_brand_name_d23c0d_idx" ON "api_brand" ("name");
CREATE INDEX "django_session_expire_date_a5c62663" ON "django_session" ("expire_date");
CREATE INDEX "api_clientowner_client_id_bde6682b" ON "api_clientowner" ("client_id");
CREATE INDEX "api_clientowner_user_id_9aae2f84" ON "api_clientowner" ("user_id");
CREATE INDEX "api_cliento_user_id_71cbaf_idx" ON "api_clientowner" ("user_id");
CREATE INDEX "api_cliento_client__481c17_idx" ON "api_clientowner" ("client_id");
CREATE INDEX "api_client_name_6d373d_idx" ON "api_client" ("name");
CREATE INDEX "api_service_name_27d088_idx" ON "api_servicecategory" ("name");
CREATE INDEX "api_negativeremarkontask_negative_remark_id_54c0a470" ON "api_negativeremarkontask" ("negative_remark_id");
CREATE INDEX "api_negativeremarkontask_task_id_babb2c4e" ON "api_negativeremarkontask" ("task_id");
CREATE INDEX "api_negativ_remark__374d01_idx" ON "api_negativeremark" ("remark_name");
CREATE INDEX "api_negativ_point_f41042_idx" ON "api_negativeremark" ("point");
CREATE INDEX "api_negativ_task_id_4d7be0_idx" ON "api_negativeremarkontask" ("task_id");
CREATE INDEX "api_negativ_negativ_828c77_idx" ON "api_negativeremarkontask" ("negative_remark_id");
CREATE INDEX "api_taskattachment_task_id_2c19b6e0" ON "api_taskattachment" ("task_id");
CREATE INDEX "api_taskatt_task_id_142d80_idx" ON "api_taskattachment" ("task_id");
CREATE INDEX "api_taskatt_created_c2d1df_idx" ON "api_taskattachment" ("created_at");
CREATE INDEX "api_clientattachment_client_id_4d907baf" ON "api_clientattachment" ("client_id");
CREATE INDEX "api_clienta_client__045cb3_idx" ON "api_clientattachment" ("client_id");
CREATE INDEX "api_clienta_created_3e1bef_idx" ON "api_clientattachment" ("created_at");
CREATE UNIQUE INDEX "api_scopeofwork_type_of_work_scopeofwork_id_typeofwork_id_85dc6c5a_uniq" ON "api_scopeofwork_type_of_work" ("scopeofwork_id", "typeofwork_id");
CREATE INDEX "api_scopeofwork_type_of_work_scopeofwork_id_8ed10836" ON "api_scopeofwork_type_of_work" ("scopeofwork_id");
CREATE INDEX "api_scopeofwork_type_of_work_typeofwork_id_aa76a5dc" ON "api_scopeofwork_type_of_work" ("typeofwork_id");
CREATE INDEX "api_scopeofwork_client_id_97aee6e8" ON "api_scopeofwork" ("client_id");
CREATE INDEX "api_scopeofwork_service_category_id_d7aaf3e3" ON "api_scopeofwork" ("service_category_id");
CREATE INDEX "api_scopeof_client__59772f_idx" ON "api_scopeofwork" ("client_id");
CREATE INDEX "api_scopeof_deliver_8770a4_idx" ON "api_scopeofwork" ("deliverable_name");
CREATE INDEX "api_scopeof_service_7c5d8c_idx" ON "api_scopeofwork" ("service_category_id");
CREATE INDEX "api_group_name_505ed4_idx" ON "api_group" ("name");
CREATE INDEX "api_groupmember_group_id_1928c16a" ON "api_groupmember" ("group_id");
CREATE INDEX "api_groupmember_user_id_07e84263" ON "api_groupmember" ("user_id");
CREATE INDEX "api_groupme_group_i_bb6194_idx" ON "api_groupmember" ("group_id");
CREATE INDEX "api_groupme_user_id_61dcc8_idx" ON "api_groupmember" ("user_id");
CREATE INDEX "api_typeofw_work_ty_3a2a60_idx" ON "api_typeofwork" ("work_type_name");
CREATE INDEX "api_clientmonthlyamount_client_id_9ec8e9f2" ON "api_clientmonthlyamount" ("client_id");
CREATE INDEX "api_clientm_client__e99f1d_idx" ON "api_clientmonthlyamount" ("client_id");
CREATE INDEX "api_clientm_date_540139_idx" ON "api_clientmonthlyamount" ("date");
CREATE INDEX "api_tasksta_name_6652e9_idx" ON "api_taskstage" ("name");
CREATE INDEX "api_taskonstage_task_id_0cee0727" ON "api_taskonstage" ("task_id");
CREATE INDEX "api_taskonstage_task_stage_id_d9aeebd7" ON "api_taskonstage" ("task_stage_id");
CREATE INDEX "api_taskons_task_st_58c28e_idx" ON "api_taskonstage" ("task_stage_id");
CREATE INDEX "api_taskons_task_id_fc73d2_idx" ON "api_taskonstage" ("task_id");
CREATE INDEX "api_task_designer_id_0e8e550e" ON "api_task" ("designer_id");
CREATE INDEX "api_task_client_id_ddc1eaf1" ON "api_task" ("client_id");
CREATE INDEX "api_task_type_of_work_id_9265421d" ON "api_task" ("type_of_work_id");
CREATE INDEX "api_task_created_by_id_cbb0c386" ON "api_task" ("created_by_id");
CREATE INDEX "api_task_scope_of_work_id_5ae0f3ce" ON "api_task" ("scope_of_work_id");
CREATE INDEX "api_task_revision_of_id_6702c231" ON "api_task" ("revision_of_id");
CREATE INDEX "api_task_redo_of_id_9642dd49" ON "api_task" ("redo_of_id");
CREATE INDEX "api_task_designe_3f008b_idx" ON "api_task" ("designer_id");
CREATE INDEX "api_task_revisio_ccc647_idx" ON "api_task" ("revision_of_id");
CREATE INDEX "api_task_revisio_f203c8_idx" ON "api_task" ("revision_no");
CREATE INDEX "api_task_client__cca7f2_idx" ON "api_task" ("client_id");
CREATE INDEX "api_task_target__bfa97d_idx" ON "api_task" ("target_date");
CREATE INDEX "api_task_priorit_175238_idx" ON "api_task" ("priority");
CREATE INDEX "api_task_redo_of_353d89_idx" ON "api_task" ("redo_of_id");
CREATE INDEX "api_task_redo_no_f5abbc_idx" ON "api_task" ("redo_no");
CREATE INDEX "api_task_type_of_952d3f_idx" ON "api_task" ("type_of_work_id");
CREATE INDEX "api_task_scope_o_013300_idx" ON "api_task" ("scope_of_work_id");
CREATE INDEX "api_task_stage_7ab497_idx" ON "api_task" ("stage");
CREATE INDEX "api_task_platfor_002db2_idx" ON "api_task" ("platform");
CREATE INDEX "api_additionalpoints_user_id_bde3ca93" ON "api_additionalpoints" ("user_id");
CREATE INDEX "api_additio_user_id_4e9f4f_idx" ON "api_additionalpoints" ("user_id");
CREATE INDEX "api_additio_date_b7c163_idx" ON "api_additionalpoints" ("date");
COMMIT;
